{
  "type": "FeatureCollection",
  "features": [
    {
      "type": "Feature",
      "properties": {
        "shapeName": "Heilongjiang Province",
        "shapeISO": "CHN",
        "shapeID": "43563684B55920014778896",
        "shapeGroup": "CHN",
        "shapeType": "ADM1"
      },
      "geometry": {
        "type": "Polygon",
        "coordinates": [
          [
            [
              131.32245463700008,
              43.451513834000025
            ],
            [
              131.33262658400008,
              43.47875356000003
            ],
            [
              131.24594195800012,
              43.53769440200006
            ],
            [
              131.36513331900005,
              44.04999747800008
            ],
            [
              131.0563193370001,
              44.77753408500007
            ],
            [
              131.0779904950001,
              44.85823943200006
            ],
            [
              131.4843246800001,
              44.93883181700005
            ],
            [
              131.90149444500003,
              45.26388515300005
            ],
            [
              132.02610359400012,
              45.15319259300003
            ],
            [
              132.94170996000003,
              44.965670844000044
            ],
            [
              133.0446479530001,
              45.01931124300006
            ],
            [
              133.14758594800003,
              45.40099692600006
            ],
            [
              133.3805508800001,
              45.50361292200006
            ],
            [
              133.68936486200005,
              46.04398500100007
            ],
            [
              133.8627341130001,
              46.209200096000075
            ],
            [
              133.9385831620001,
              46.49340470200008
            ],
            [
              134.0686101020001,
              46.78355206100008
            ],
            [
              134.2148904080001,
              47.30777653000007
            ],
            [
              134.51286881200008,
              47.388533632000076
            ],
            [
              134.740415954,
              47.64831624100003
            ],
            [
              134.54537554500007,
              47.93948857600003
            ],
            [
              134.69165585300004,
              48.24707244200005
            ],
            [
              134.3069928230001,
              48.36239217200006
            ],
            [
              133.96567210800004,
              48.265108327000064
            ],
            [
              133.6947826500001,
              48.207371101000035
            ],
            [
              133.50516003100006,
              48.06998400300006
            ],
            [
              133.18551047100004,
              48.11702622800004
            ],
            [
              132.87669649000009,
              47.96851609200007
            ],
            [
              132.64914934500007,
              47.90318124800007
            ],
            [
              132.49203346100012,
              47.71761741500006
            ],
            [
              131.7985564500001,
              47.67385896400003
            ],
            [
              131.3922222640001,
              47.74312622100007
            ],
            [
              131.05090154900006,
              47.70668124500003
            ],
            [
              130.95338134400004,
              47.72490692000008
            ],
            [
              130.87753229600003,
              47.89954911400008
            ],
            [
              130.6879096770001,
              48.06998400300006
            ],
            [
              130.8179366160001,
              48.28674298900006
            ],
            [
              130.58497168400004,
              48.59583355400008
            ],
            [
              130.6120606290001,
              48.88167217600005
            ],
            [
              130.26532212400002,
              48.90304456500007
            ],
            [
              129.43098259600004,
              49.39914210100005
            ],
            [
              129.15662575400006,
              49.37699496500005
            ],
            [
              128.65385492200005,
              49.64490856200007
            ],
            [
              128.22389917500004,
              49.56626275100007
            ],
            [
              127.74540003900006,
              49.65388857700003
            ],
            [
              127.50268308400007,
              49.95599321000003
            ],
            [
              127.5835164990001,
              50.18952232200007
            ],
            [
              127.33429819800006,
              50.328070437000065
            ],
            [
              127.41556503600009,
              50.648638608000056
            ],
            [
              126.94421738000005,
              51.14411686900007
            ],
            [
              126.99297748300012,
              51.310363807000044
            ],
            [
              126.5223070510001,
              51.94202137800005
            ],
            [
              126.55616823200012,
              52.11909979200004
            ],
            [
              126.35300114000006,
              52.455682704000026
            ],
            [
              126.09057697900005,
              52.63072391800006
            ],
            [
              126.04825050000011,
              52.75386245100003
            ],
            [
              125.66731220200006,
              53.08562083400005
            ],
            [
              125.1001374010001,
              53.242949827000075
            ],
            [
              124.710733806,
              53.17704336500003
            ],
            [
              123.64410657000008,
              53.57096340100003
            ],
            [
              121.61243564100005,
              53.40979586600008
            ],
            [
              121.59307227900001,
              53.40578626000007
            ],
            [
              121.9165090570001,
              53.08012929600005
            ],
            [
              121.33680561800008,
              52.661541113000055
            ],
            [
              121.62936623200005,
              52.50352792500007
            ],
            [
              121.79731769600005,
              52.47053678900005
            ],
            [
              121.93276242400009,
              52.34494469900005
            ],
            [
              122.06820715300012,
              52.33501430100006
            ],
            [
              122.19281630300009,
              52.384643992000065
            ],
            [
              122.24699419400008,
              52.51342044100005
            ],
            [
              122.35534997700006,
              52.52990302000006
            ],
            [
              122.496212495,
              52.46063462200004
            ],
            [
              122.59915048900007,
              52.32839279600006
            ],
            [
              122.7887731080001,
              52.29858376000004
            ],
            [
              122.83990349300007,
              52.254039843000044
            ],
            [
              122.7806464250001,
              52.08269979000005
            ],
            [
              122.87376467500007,
              51.96810631000005
            ],
            [
              122.82297290100007,
              51.77995591500007
            ],
            [
              123.03460529100005,
              51.47516697900005
            ],
            [
              123.2377723840001,
              51.369592228000045
            ],
            [
              123.39861299800009,
              51.33258343300008
            ],
            [
              123.55098831900011,
              51.37487675800003
            ],
            [
              123.66103716100008,
              51.29554474200006
            ],
            [
              123.82187777400009,
              51.29554474200006
            ],
            [
              123.9234613220001,
              51.38016067900003
            ],
            [
              124.09276723300002,
              51.35902133700006
            ],
            [
              124.1858854830001,
              51.40657113300006
            ],
            [
              124.40598316800003,
              51.369592228000045
            ],
            [
              124.61761555500004,
              51.42241008900004
            ],
            [
              124.88003971700005,
              51.40129026300008
            ],
            [
              125.150929173,
              51.67508755700004
            ],
            [
              125.54033276900009,
              51.633072079000044
            ],
            [
              125.94666695500007,
              51.18955509300008
            ],
            [
              126.09057697900005,
              51.18955509300008
            ],
            [
              126.10750757000005,
              51.06204498200003
            ],
            [
              126.07364638700005,
              50.93418269800003
            ],
            [
              125.87894459000006,
              50.85943359600003
            ],
            [
              125.86201399800007,
              50.72565450600007
            ],
            [
              125.91280577200007,
              50.68276431000004
            ],
            [
              125.86201399800007,
              50.55385824600006
            ],
            [
              125.60805513200012,
              50.435383855000055
            ],
            [
              125.51493688300002,
              50.25170232600004
            ],
            [
              125.3625615630001,
              50.17044043900006
            ],
            [
              125.3117697890001,
              49.89856737500003
            ],
            [
              125.30330449300004,
              49.80577971200006
            ],
            [
              125.26944331200002,
              49.679959816000064
            ],
            [
              125.3794921540001,
              49.47136820900005
            ],
            [
              125.2779086060001,
              49.22872658400007
            ],
            [
              125.184790356,
              49.18448131000008
            ],
            [
              124.99008855800002,
              49.22319809000004
            ],
            [
              124.84753298100009,
              49.091437334000034
            ],
            [
              124.6308214170001,
              48.502585907000025
            ],
            [
              124.59289689200011,
              48.23624785800007
            ],
            [
              124.45203437400005,
              48.35879237300003
            ],
            [
              124.42494542800011,
              48.54205780400008
            ],
            [
              124.26241175500002,
              48.56357496600003
            ],
            [
              123.48766790800005,
              48.03739109600008
            ],
            [
              123.35222317900002,
              47.99752730200004
            ],
            [
              123.2926274990001,
              47.84503651700004
            ],
            [
              122.64834401400003,
              47.58213902800003
            ],
            [
              122.56859415800011,
              47.41581625900005
            ],
            [
              122.70382217500003,
              47.17595122100005
            ],
            [
              122.87719142600008,
              47.131150244000025
            ],
            [
              123.13724530600007,
              46.88288465200003
            ],
            [
              123.52212504700003,
              46.79037778000003
            ],
            [
              123.64695090900011,
              46.87103369700003
            ],
            [
              123.59840751800004,
              46.735747788000026
            ],
            [
              123.41463610900007,
              46.64774850600003
            ],
            [
              123.1441800770001,
              46.67868351100003
            ],
            [
              123.09910407100006,
              46.59773917900003
            ],
            [
              123.0887019160001,
              46.49280792900004
            ],
            [
              123.02975637000009,
              46.37810612900006
            ],
            [
              123.16845177000005,
              46.29910858200003
            ],
            [
              123.16723220800009,
              46.29186184200006
            ],
            [
              123.36609271900011,
              46.335030706000055
            ],
            [
              123.5706684380001,
              46.323059285000056
            ],
            [
              123.87926570700006,
              46.34939295400005
            ],
            [
              124.10464573500008,
              46.18880034600005
            ],
            [
              124.11504789000003,
              46.08548553800006
            ],
            [
              124.05956972900003,
              45.97233830700003
            ],
            [
              124.19133036100004,
              45.79613970300005
            ],
            [
              124.51379717000009,
              45.52715023700006
            ],
            [
              124.70103596400008,
              45.49313185500006
            ],
            [
              125.00963323400003,
              45.57813925900007
            ],
            [
              125.1483286350001,
              45.46882042200008
            ],
            [
              125.43958897900006,
              45.446931164000034
            ],
            [
              125.5401431460001,
              45.55872032500008
            ],
            [
              125.71351239900002,
              45.55872032500008
            ],
            [
              125.78286010000011,
              45.52472103400004
            ],
            [
              125.77939271500009,
              45.39582318200007
            ],
            [
              125.90879552400008,
              45.29073642800006
            ],
            [
              126.29492352400007,
              45.21418717700004
            ],
            [
              126.5479039380001,
              45.329752419000044
            ],
            [
              126.68992802800005,
              45.31258869200008
            ],
            [
              126.79422697100006,
              45.22356609900004
            ],
            [
              127.02945437300002,
              45.17039842300005
            ],
            [
              127.11378117800007,
              44.985489922000056
            ],
            [
              127.0472073840001,
              44.862933773000066
            ],
            [
              127.13819156800002,
              44.71646742400003
            ],
            [
              127.30906430400012,
              44.688076169000055
            ],
            [
              127.4333353830001,
              44.714890498000045
            ],
            [
              127.58645510800011,
              44.63125189100003
            ],
            [
              127.56204471700005,
              44.49053062200005
            ],
            [
              127.87494154400008,
              44.10936127400004
            ],
            [
              128.06800554200004,
              44.13803480800004
            ],
            [
              128.13014108400012,
              44.25894740000007
            ],
            [
              128.10129243900008,
              44.511106641000026
            ],
            [
              128.15455147400007,
              44.64388432100003
            ],
            [
              128.42750402500008,
              44.58227524700004
            ],
            [
              128.48742044000005,
              44.50635897300003
            ],
            [
              128.44747616200004,
              44.231922706000034
            ],
            [
              128.60503414000004,
              44.00410591600007
            ],
            [
              128.7958790140001,
              43.92104568700006
            ],
            [
              128.9564550020001,
              43.58745081200004
            ],
            [
              129.15812921200006,
              43.579220547000034
            ],
            [
              129.31293547200005,
              43.65633512100004
            ],
            [
              129.33992004900006,
              43.815391815000055
            ],
            [
              129.57852052400006,
              43.881967264000025
            ],
            [
              129.81286027400006,
              43.86558635500006
            ],
            [
              129.89665448900007,
              44.01080955900005
            ],
            [
              130.0315773760001,
              44.00059418200004
            ],
            [
              130.1693407460001,
              43.87889618600008
            ],
            [
              130.39231857000004,
              43.959715086000074
            ],
            [
              130.52724145600007,
              43.65016959600007
            ],
            [
              130.73175614800004,
              43.59670851800007
            ],
            [
              130.95286990600005,
              43.428304843000035
            ],
            [
              131.32245463700008,
              43.451513834000025
            ]
          ]
        ]
      }
    },
    {
      "type": "Feature",
      "properties": {
        "shapeName": "Inner Mongolia Autonomous Region",
        "shapeISO": "CHN",
        "shapeID": "43563684B95381459098578",
        "shapeGroup": "CHN",
        "shapeType": "ADM1"
      },
      "geometry": {
        "type": "Polygon",
        "coordinates": [
          [
            [
              107.58140655100004,
              37.825796156000024
            ],
            [
              107.58255596900005,
              37.82168886900007
            ],
            [
              108.09919634100004,
              37.86002444500008
            ],
            [
              108.19281573600006,
              37.925696207000044
            ],
            [
              108.30723944400006,
              37.912019421000025
            ],
            [
              108.40432622400004,
              37.761407001000066
            ],
            [
              108.68865179900007,
              37.75044137800006
            ],
            [
              108.76146688600005,
              37.79977388000003
            ],
            [
              108.85161889800008,
              37.96671130300007
            ],
            [
              109.00418383900006,
              38.18234607000005
            ],
            [
              109.17061832100006,
              38.27767711600006
            ],
            [
              109.29544418300009,
              38.40821354800005
            ],
            [
              109.38559619500006,
              38.511387984000066
            ],
            [
              109.49308513200003,
              38.57376395700004
            ],
            [
              109.56243283200007,
              38.70376556800005
            ],
            [
              109.77394332100005,
              38.71999918600005
            ],
            [
              109.90917133800008,
              38.79570731800004
            ],
            [
              109.91610610800006,
              38.860536065000076
            ],
            [
              109.85022579200006,
              38.94418579400008
            ],
            [
              109.91957349100005,
              39.186481065000066
            ],
            [
              110.20736645200009,
              39.41455119900007
            ],
            [
              110.28364892300004,
              39.51627148600005
            ],
            [
              110.35646400900004,
              39.44668945700005
            ],
            [
              110.59224619300005,
              39.457398916000045
            ],
            [
              110.75044563600005,
              39.38239811900007
            ],
            [
              111.11343750800006,
              39.64571575400004
            ],
            [
              111.27180531600004,
              39.502719666000075
            ],
            [
              111.30306012700004,
              39.474463710000066
            ],
            [
              111.49810053600004,
              39.60398595700008
            ],
            [
              111.60103853100009,
              39.75409542300008
            ],
            [
              111.80691451800004,
              39.71659864500003
            ],
            [
              111.92610587900003,
              39.72493302500004
            ],
            [
              112.04529724000008,
              39.849827821000076
            ],
            [
              112.38120016700009,
              40.36777938200004
            ],
            [
              112.54091659100004,
              40.38808523500006
            ],
            [
              112.76282923400004,
              40.28236185000003
            ],
            [
              112.89805725100007,
              40.30616405400008
            ],
            [
              113.1095677400001,
              40.49364292100006
            ],
            [
              113.27253483700008,
              40.50946227800006
            ],
            [
              113.39042592900012,
              40.43296750500008
            ],
            [
              113.54992564100007,
              40.42240966300005
            ],
            [
              113.84118598500004,
              40.556897958000036
            ],
            [
              114.06656601300006,
              40.59640203600003
            ],
            [
              114.2123338670001,
              40.79157821800004
            ],
            [
              114.22953311100002,
              40.814569464000044
            ],
            [
              113.9487692350001,
              41.16858559600007
            ],
            [
              114.06522898900005,
              41.298888773000044
            ],
            [
              113.99847766700009,
              41.39378211600007
            ],
            [
              114.03966465400003,
              41.550213126000074
            ],
            [
              114.24844006800004,
              41.697783539000056
            ],
            [
              114.28394609100008,
              41.90529434200005
            ],
            [
              114.6035002960001,
              42.22266251700006
            ],
            [
              114.91169257600006,
              42.195311262000075
            ],
            [
              115.02619950100006,
              42.04295379800004
            ],
            [
              114.97737871900006,
              41.732371175000026
            ],
            [
              115.00844648900011,
              41.684327765000035
            ],
            [
              115.31468593500006,
              41.66277941200008
            ],
            [
              115.5121881880001,
              41.825043031000064
            ],
            [
              115.92710802200008,
              41.990052809000076
            ],
            [
              116.06072428700008,
              41.94747639900004
            ],
            [
              116.16780135400006,
              41.94110715900007
            ],
            [
              116.46641255500003,
              42.10225476800008
            ],
            [
              116.57736887600004,
              42.051193356000056
            ],
            [
              116.83034929000007,
              42.02482300600008
            ],
            [
              116.89914220900005,
              42.051193356000056
            ],
            [
              116.95240124400004,
              42.26833109900008
            ],
            [
              116.92355259900012,
              42.36842327000005
            ],
            [
              116.94130561100008,
              42.46835620500008
            ],
            [
              117.23866855400001,
              42.582837073000064
            ],
            [
              117.42729430000009,
              42.58610487200008
            ],
            [
              117.64920694300008,
              42.68079652900008
            ],
            [
              117.82007967900006,
              42.66284883800006
            ],
            [
              118.00648629900002,
              42.435608857000034
            ],
            [
              118.08859397600008,
              42.26833109900008
            ],
            [
              118.275971464,
              42.06993437300008
            ],
            [
              118.24823238500005,
              41.907569359000036
            ],
            [
              118.2378302300001,
              41.83269074700007
            ],
            [
              118.43200379200005,
              41.61530616500005
            ],
            [
              118.43547117700007,
              41.48815895700005
            ],
            [
              118.47014502800005,
              41.430991121000034
            ],
            [
              118.99025278600004,
              41.363364173000036
            ],
            [
              119.10120910700005,
              41.41019032400004
            ],
            [
              119.28470498700005,
              41.38653246000007
            ],
            [
              119.32312175000004,
              41.38157835100003
            ],
            [
              119.45488238200005,
              41.45438405400006
            ],
            [
              119.49302361800005,
              41.57122220000008
            ],
            [
              119.37859991100004,
              41.724090389000025
            ],
            [
              119.45834976700007,
              42.177947594000045
            ],
            [
              119.38553468000009,
              42.278080672000044
            ],
            [
              119.37513252600002,
              42.370370206000075
            ],
            [
              119.62131686400005,
              42.46508224100006
            ],
            [
              119.74961011100004,
              42.35756031000005
            ],
            [
              119.97845752600006,
              42.32680590700005
            ],
            [
              119.94031628900007,
              42.213911075000055
            ],
            [
              120.0928812300001,
              42.04676472700004
            ],
            [
              120.2073049380001,
              41.84302404600004
            ],
            [
              120.60952160400007,
              42.19336302100004
            ],
            [
              120.94932533800011,
              42.370370206000075
            ],
            [
              121.17968973300003,
              42.375973712000075
            ],
            [
              121.56435276200011,
              42.607679533000066
            ],
            [
              121.78648211600012,
              42.55981083000006
            ],
            [
              121.98694031500008,
              42.627613980000035
            ],
            [
              122.00319368200007,
              42.755043295000064
            ],
            [
              122.12780283300003,
              42.79083568000004
            ],
            [
              122.39327450000008,
              42.73514969900003
            ],
            [
              122.49079470600009,
              42.77493050600003
            ],
            [
              122.46370576000004,
              42.85838707500005
            ],
            [
              122.49079470600009,
              42.945696946000055
            ],
            [
              122.72375963900004,
              42.898088707000056
            ],
            [
              122.86462215600011,
              42.79083568000004
            ],
            [
              123.20594287300003,
              42.862358389000065
            ],
            [
              123.31429865600012,
              43.036843230000045
            ],
            [
              123.68812610600003,
              43.15157411900003
            ],
            [
              123.8099180050001,
              43.42951353600006
            ],
            [
              123.78385887000002,
              43.43983521000007
            ],
            [
              123.46664688600004,
              43.56533746000008
            ],
            [
              123.48745119600005,
              43.665750779000064
            ],
            [
              123.59494013200003,
              43.713388364000025
            ],
            [
              123.53876849500011,
              43.96738206100008
            ],
            [
              123.3856487700001,
              44.099800336000044
            ],
            [
              123.40770134000002,
              44.19265518000003
            ],
            [
              123.23086470300007,
              44.532268619000035
            ],
            [
              123.1615170010001,
              44.55698082200007
            ],
            [
              122.41949660000012,
              44.29201587500006
            ],
            [
              122.29813812400005,
              44.41350402200004
            ],
            [
              122.37095321000004,
              44.48281274200008
            ],
            [
              122.33627936000005,
              44.57180310800004
            ],
            [
              122.14210579700011,
              44.756763024000065
            ],
            [
              122.1213014870001,
              45.10533736700006
            ],
            [
              122.14515709500006,
              45.20793370400003
            ],
            [
              122.27164730200002,
              45.24388178800007
            ],
            [
              122.31602983100004,
              45.406145853000055
            ],
            [
              122.282742933,
              45.499548323000056
            ],
            [
              122.111870199,
              45.555515555000056
            ],
            [
              122.01727993400004,
              45.74050929300006
            ],
            [
              121.84391068100001,
              45.767122063000045
            ],
            [
              121.77456298200002,
              45.82755843600006
            ],
            [
              121.8612476080001,
              45.90240850600003
            ],
            [
              121.94099746400002,
              46.07827029500004
            ],
            [
              122.14557318200002,
              46.046993334000035
            ],
            [
              122.35361628400005,
              45.885515686000076
            ],
            [
              122.47150737700008,
              45.97474810700004
            ],
            [
              122.54085507700006,
              45.97715780100003
            ],
            [
              122.72115909900003,
              45.80822592800007
            ],
            [
              122.82864803700011,
              45.81547640500003
            ],
            [
              122.904930508,
              46.01088251700003
            ],
            [
              122.84598496100011,
              46.097508848000075
            ],
            [
              122.904930508,
              46.167192356000044
            ],
            [
              123.06096283500005,
              46.17439596300005
            ],
            [
              123.15111484600004,
              46.19600112200004
            ],
            [
              123.16723220800009,
              46.29186184200006
            ],
            [
              123.16845177000005,
              46.29910858200003
            ],
            [
              123.02975637000009,
              46.37810612900006
            ],
            [
              123.0887019160001,
              46.49280792900004
            ],
            [
              123.09910407100006,
              46.59773917900003
            ],
            [
              123.1441800770001,
              46.67868351100003
            ],
            [
              123.41463610900007,
              46.64774850600003
            ],
            [
              123.59840751800004,
              46.735747788000026
            ],
            [
              123.64695090900011,
              46.87103369700003
            ],
            [
              123.52212504700003,
              46.79037778000003
            ],
            [
              123.13724530600007,
              46.88288465200003
            ],
            [
              122.87719142600008,
              47.131150244000025
            ],
            [
              122.70382217500003,
              47.17595122100005
            ],
            [
              122.56859415800011,
              47.41581625900005
            ],
            [
              122.64834401400003,
              47.58213902800003
            ],
            [
              123.2926274990001,
              47.84503651700004
            ],
            [
              123.35222317900002,
              47.99752730200004
            ],
            [
              123.48766790800005,
              48.03739109600008
            ],
            [
              124.26241175500002,
              48.56357496600003
            ],
            [
              124.42494542800011,
              48.54205780400008
            ],
            [
              124.45203437400005,
              48.35879237300003
            ],
            [
              124.59289689200011,
              48.23624785800007
            ],
            [
              124.6308214170001,
              48.502585907000025
            ],
            [
              124.84753298100009,
              49.091437334000034
            ],
            [
              124.99008855800002,
              49.22319809000004
            ],
            [
              125.184790356,
              49.18448131000008
            ],
            [
              125.2779086060001,
              49.22872658400007
            ],
            [
              125.3794921540001,
              49.47136820900005
            ],
            [
              125.26944331200002,
              49.679959816000064
            ],
            [
              125.30330449300004,
              49.80577971200006
            ],
            [
              125.3117697890001,
              49.89856737500003
            ],
            [
              125.3625615630001,
              50.17044043900006
            ],
            [
              125.51493688300002,
              50.25170232600004
            ],
            [
              125.60805513200012,
              50.435383855000055
            ],
            [
              125.86201399800007,
              50.55385824600006
            ],
            [
              125.91280577200007,
              50.68276431000004
            ],
            [
              125.86201399800007,
              50.72565450600007
            ],
            [
              125.87894459000006,
              50.85943359600003
            ],
            [
              126.07364638700005,
              50.93418269800003
            ],
            [
              126.10750757000005,
              51.06204498200003
            ],
            [
              126.09057697900005,
              51.18955509300008
            ],
            [
              125.94666695500007,
              51.18955509300008
            ],
            [
              125.54033276900009,
              51.633072079000044
            ],
            [
              125.150929173,
              51.67508755700004
            ],
            [
              124.88003971700005,
              51.40129026300008
            ],
            [
              124.61761555500004,
              51.42241008900004
            ],
            [
              124.40598316800003,
              51.369592228000045
            ],
            [
              124.1858854830001,
              51.40657113300006
            ],
            [
              124.09276723300002,
              51.35902133700006
            ],
            [
              123.9234613220001,
              51.38016067900003
            ],
            [
              123.82187777400009,
              51.29554474200006
            ],
            [
              123.66103716100008,
              51.29554474200006
            ],
            [
              123.55098831900011,
              51.37487675800003
            ],
            [
              123.39861299800009,
              51.33258343300008
            ],
            [
              123.2377723840001,
              51.369592228000045
            ],
            [
              123.03460529100005,
              51.47516697900005
            ],
            [
              122.82297290100007,
              51.77995591500007
            ],
            [
              122.87376467500007,
              51.96810631000005
            ],
            [
              122.7806464250001,
              52.08269979000005
            ],
            [
              122.83990349300007,
              52.254039843000044
            ],
            [
              122.7887731080001,
              52.29858376000004
            ],
            [
              122.59915048900007,
              52.32839279600006
            ],
            [
              122.496212495,
              52.46063462200004
            ],
            [
              122.35534997700006,
              52.52990302000006
            ],
            [
              122.24699419400008,
              52.51342044100005
            ],
            [
              122.19281630300009,
              52.384643992000065
            ],
            [
              122.06820715300012,
              52.33501430100006
            ],
            [
              121.93276242400009,
              52.34494469900005
            ],
            [
              121.79731769600005,
              52.47053678900005
            ],
            [
              121.62936623200005,
              52.50352792500007
            ],
            [
              121.33680561800008,
              52.661541113000055
            ],
            [
              121.9165090570001,
              53.08012929600005
            ],
            [
              121.59307227900001,
              53.40578626000007
            ],
            [
              120.80823256400004,
              53.242949827000075
            ],
            [
              120.43575956100005,
              52.96342138300008
            ],
            [
              120.1479395130001,
              52.830647749000036
            ],
            [
              120.11969156500004,
              52.61241020400007
            ],
            [
              120.57623470800002,
              52.56973629400005
            ],
            [
              120.689410156,
              52.48603250800005
            ],
            [
              120.63171286900001,
              52.35340099100006
            ],
            [
              120.75376482200011,
              52.24075800900005
            ],
            [
              120.63171286900001,
              51.91206067300004
            ],
            [
              120.09912252400011,
              51.65534378900003
            ],
            [
              119.7152136520001,
              51.104090115000076
            ],
            [
              119.58428519200004,
              50.91559735700008
            ],
            [
              119.52214965100006,
              50.804938710000044
            ],
            [
              119.41563158200006,
              50.70807255500006
            ],
            [
              119.27138836600011,
              50.56733083700004
            ],
            [
              119.21812933100011,
              50.48833132200008
            ],
            [
              119.19149981300006,
              50.42333989200006
            ],
            [
              119.24697797400006,
              50.304429414000026
            ],
            [
              119.32464739800002,
              50.18806265400008
            ],
            [
              119.30023700900006,
              50.121236500000066
            ],
            [
              119.128387857,
              50.00978506800004
            ],
            [
              118.84433967500001,
              49.982395444000076
            ],
            [
              118.65970835600001,
              49.96869478200006
            ],
            [
              118.5812400430001,
              49.94448074200005
            ],
            [
              118.4103673090001,
              49.83153079200008
            ],
            [
              118.2949727350001,
              49.75130487700005
            ],
            [
              118.126319125,
              49.67812634400008
            ],
            [
              118.00648629900002,
              49.597646405000035
            ],
            [
              117.87555784000006,
              49.57462770400008
            ],
            [
              117.71799986200006,
              49.57606669000006
            ],
            [
              117.36293963300011,
              49.653708993000066
            ],
            [
              117.06779581800004,
              49.70827203500005
            ],
            [
              116.72826947300007,
              49.848704773000065
            ],
            [
              116.56405411700007,
              49.64652508700004
            ],
            [
              116.0580932900001,
              48.87171237200005
            ],
            [
              116.12466708400007,
              48.80306299600005
            ],
            [
              116.08250368200004,
              48.73139218400007
            ],
            [
              115.91385007200006,
              48.61855990300006
            ],
            [
              115.8339615210001,
              48.27559218600004
            ],
            [
              115.5077499360001,
              48.15582029400008
            ],
            [
              115.5991502060001,
              47.90390764400007
            ],
            [
              115.96669302100008,
              47.67094042800005
            ],
            [
              116.24755121100009,
              47.85972421900004
            ],
            [
              116.46599646900006,
              47.843436616000076
            ],
            [
              117.04504977200008,
              47.85972421900004
            ],
            [
              117.41259258700006,
              47.663935276000075
            ],
            [
              117.76973324700009,
              48.006082494000054
            ],
            [
              118.4597428730001,
              47.98984092000006
            ],
            [
              118.82381830200006,
              47.78755456300007
            ],
            [
              119.08040479700003,
              47.78289501100005
            ],
            [
              119.1693085490001,
              47.56323759500003
            ],
            [
              119.46001411200007,
              47.369715057000064
            ],
            [
              119.72852841100007,
              47.199609750000036
            ],
            [
              119.78178744500008,
              47.10906598200006
            ],
            [
              119.8838672600001,
              46.95630216400008
            ],
            [
              119.92603066400011,
              46.88051467100007
            ],
            [
              119.87055250300011,
              46.75599109700005
            ],
            [
              119.52214965100006,
              46.667739303000076
            ],
            [
              118.39705255000001,
              46.78031102500006
            ],
            [
              117.76779705900003,
              46.579770272000076
            ],
            [
              117.51925489900009,
              46.62855800800003
            ],
            [
              117.40137490400002,
              46.52996151700006
            ],
            [
              117.32610213400005,
              46.43607983100003
            ],
            [
              116.84748094500003,
              46.456630293000046
            ],
            [
              116.56627324500005,
              46.29642545100006
            ],
            [
              116.41981089900003,
              46.17670091800005
            ],
            [
              116.37542837100011,
              46.09366167300004
            ],
            [
              116.28888244000007,
              45.988915606000035
            ],
            [
              116.25337641700003,
              45.908681674000036
            ],
            [
              116.25559554300003,
              45.85924921800006
            ],
            [
              116.27112942800011,
              45.786565550000034
            ],
            [
              115.64169640700004,
              45.44651470000008
            ],
            [
              114.65255408700011,
              45.444498499000076
            ],
            [
              114.503456529,
              45.20558847400008
            ],
            [
              113.64701242300009,
              44.81090599000004
            ],
            [
              112.73162276900007,
              44.882198679000055
            ],
            [
              112.5513187460001,
              45.04167211300006
            ],
            [
              111.92025466600006,
              45.07106489000006
            ],
            [
              111.44175553000008,
              44.37138360300003
            ],
            [
              112.02774360400008,
              43.83606856500006
            ],
            [
              112.00000452300003,
              43.728423951000025
            ],
            [
              111.58391831700004,
              43.51003866800005
            ],
            [
              111.06727794400007,
              43.36400787700006
            ],
            [
              110.41929302700004,
              42.78511665000008
            ],
            [
              109.42308729700005,
              42.46795975800006
            ],
            [
              108.23442435900006,
              42.43693955100008
            ],
            [
              107.90155539200003,
              42.38829966900005
            ],
            [
              107.39531717500006,
              42.45996633000004
            ],
            [
              107.24275223300003,
              42.360122499000056
            ],
            [
              106.84400295200004,
              42.30116574700003
            ],
            [
              105.91127637500006,
              42.026162389000035
            ],
            [
              105.62001603100003,
              41.88175905600008
            ],
            [
              105.14845166200007,
              41.66972125400008
            ],
            [
              105.00282149200007,
              41.56862808900007
            ],
            [
              104.60753959500005,
              41.63085802200004
            ],
            [
              104.57286574500006,
              41.80426557200008
            ],
            [
              103.79963887900004,
              41.78617025600005
            ],
            [
              103.09575971200007,
              41.96689347000006
            ],
            [
              102.22891345100004,
              42.093095564000066
            ],
            [
              101.84750109500004,
              42.411344316000054
            ],
            [
              100.33745490500007,
              42.57577114800006
            ],
            [
              100.06114765800004,
              42.55981083000006
            ],
            [
              99.30265717800006,
              42.44797427200007
            ],
            [
              97.45248218600005,
              42.56554703900008
            ],
            [
              97.36665056300006,
              42.54598349100007
            ],
            [
              97.40643098000004,
              42.167507931000046
            ],
            [
              97.57438244200006,
              41.95835290900004
            ],
            [
              97.40101319000007,
              41.67975711300005
            ],
            [
              97.42810213600006,
              41.46088059400006
            ],
            [
              97.78025843100005,
              40.97592607800004
            ],
            [
              97.99696999700006,
              40.84490503500007
            ],
            [
              98.23535271800006,
              40.61499379500003
            ],
            [
              98.40330418200006,
              40.536807776000046
            ],
            [
              98.60918016800008,
              40.56150796900005
            ],
            [
              99.05885666700004,
              40.861296863000064
            ],
            [
              100.13699670600005,
              40.91454229100003
            ],
            [
              100.41872174300005,
              40.75878141600003
            ],
            [
              100.43497511000004,
              40.45440801500007
            ],
            [
              100.00155197800007,
              40.173492346000046
            ],
            [
              99.81734714700008,
              39.97864749300004
            ],
            [
              99.97988082200004,
              39.79573458100003
            ],
            [
              100.28869480200007,
              39.68325105400004
            ],
            [
              100.44039289800008,
              39.53716594500003
            ],
            [
              100.88703543500009,
              39.52697023500008
            ],
            [
              100.92517667200008,
              39.457398916000045
            ],
            [
              100.89743759000004,
              39.37703783100005
            ],
            [
              100.91824190000006,
              39.15422309100006
            ],
            [
              101.11935023300003,
              39.04389674000004
            ],
            [
              101.27884994600004,
              39.035817302000055
            ],
            [
              101.39327365300005,
              38.960364679000065
            ],
            [
              101.60825152600006,
              38.92260820300004
            ],
            [
              102.37454362300008,
              38.94418579400008
            ],
            [
              102.83223844900004,
              39.08428006500003
            ],
            [
              103.38008528700004,
              39.46810672700008
            ],
            [
              103.83431272900003,
              39.454721705000054
            ],
            [
              104.21919246900006,
              39.21603787500004
            ],
            [
              104.24790241700003,
              39.007585885000026
            ],
            [
              104.12141221200005,
              38.87468248700003
            ],
            [
              104.15469910700006,
              38.772678916000075
            ],
            [
              104.13916522200009,
              38.56476346200003
            ],
            [
              104.02155152200004,
              38.46579222200006
            ],
            [
              103.73084595900008,
              38.42234087000003
            ],
            [
              103.72640770600003,
              38.223871289000044
            ],
            [
              103.61767051100009,
              38.05457048000005
            ],
            [
              103.63542352300004,
              37.79900673900005
            ],
            [
              103.96385423400005,
              37.69372319100006
            ],
            [
              103.97938812000007,
              37.623450982000065
            ],
            [
              104.30559970500008,
              37.52671813300003
            ],
            [
              104.50975933700005,
              37.54607475500006
            ],
            [
              104.54273383900005,
              37.57352119500007
            ],
            [
              104.59852439500008,
              37.61993562600003
            ],
            [
              105.09560871500008,
              37.674404965000065
            ],
            [
              105.30198747200006,
              37.88487715000008
            ],
            [
              105.45288807000009,
              38.003878531000055
            ],
            [
              105.90558986300005,
              38.293571616000065
            ],
            [
              105.90558986300005,
              38.75710620500007
            ],
            [
              106.09643473500006,
              38.966188174000024
            ],
            [
              106.09199648300006,
              39.13163370600006
            ],
            [
              106.32056650600003,
              39.241715328000055
            ],
            [
              106.38048291900009,
              39.341327817000035
            ],
            [
              106.52028788500007,
              39.34304403200008
            ],
            [
              106.66009284900008,
              39.432229076000056
            ],
            [
              106.87312898700009,
              39.40479966400005
            ],
            [
              106.87312898700009,
              39.26405458600004
            ],
            [
              107.06619298700008,
              39.11613965300006
            ],
            [
              106.63595984900007,
              38.386473815000045
            ],
            [
              106.93415496500006,
              38.228665326000055
            ],
            [
              107.24621961900004,
              38.23955969200006
            ],
            [
              107.50974088200007,
              38.081431724000026
            ],
            [
              107.58140655100004,
              37.825796156000024
            ]
          ]
        ]
      }
    },
    {
      "type": "Feature",
      "properties": {
        "shapeName": "Heilongjiang Province",
        "shapeISO": "CHN",
        "shapeID": "43563684B55920014778896",
        "shapeGroup": "CHN",
        "shapeType": "ADM1"
      },
      "geometry": {
        "type": "Polygon",
        "coordinates": [
          [
            [
              131.32245463700008,
              43.451513834000025
            ],
            [
              131.33262658400008,
              43.47875356000003
            ],
            [
              131.24594195800012,
              43.53769440200006
            ],
            [
              131.36513331900005,
              44.04999747800008
            ],
            [
              131.0563193370001,
              44.77753408500007
            ],
            [
              131.0779904950001,
              44.85823943200006
            ],
            [
              131.4843246800001,
              44.93883181700005
            ],
            [
              131.90149444500003,
              45.26388515300005
            ],
            [
              132.02610359400012,
              45.15319259300003
            ],
            [
              132.94170996000003,
              44.965670844000044
            ],
            [
              133.0446479530001,
              45.01931124300006
            ],
            [
              133.14758594800003,
              45.40099692600006
            ],
            [
              133.3805508800001,
              45.50361292200006
            ],
            [
              133.68936486200005,
              46.04398500100007
            ],
            [
              133.8627341130001,
              46.209200096000075
            ],
            [
              133.9385831620001,
              46.49340470200008
            ],
            [
              134.0686101020001,
              46.78355206100008
            ],
            [
              134.2148904080001,
              47.30777653000007
            ],
            [
              134.51286881200008,
              47.388533632000076
            ],
            [
              134.740415954,
              47.64831624100003
            ],
            [
              134.54537554500007,
              47.93948857600003
            ],
            [
              134.69165585300004,
              48.24707244200005
            ],
            [
              134.3069928230001,
              48.36239217200006
            ],
            [
              133.96567210800004,
              48.265108327000064
            ],
            [
              133.6947826500001,
              48.207371101000035
            ],
            [
              133.50516003100006,
              48.06998400300006
            ],
            [
              133.18551047100004,
              48.11702622800004
            ],
            [
              132.87669649000009,
              47.96851609200007
            ],
            [
              132.64914934500007,
              47.90318124800007
            ],
            [
              132.49203346100012,
              47.71761741500006
            ],
            [
              131.7985564500001,
              47.67385896400003
            ],
            [
              131.3922222640001,
              47.74312622100007
            ],
            [
              131.05090154900006,
              47.70668124500003
            ],
            [
              130.95338134400004,
              47.72490692000008
            ],
            [
              130.87753229600003,
              47.89954911400008
            ],
            [
              130.6879096770001,
              48.06998400300006
            ],
            [
              130.8179366160001,
              48.28674298900006
            ],
            [
              130.58497168400004,
              48.59583355400008
            ],
            [
              130.6120606290001,
              48.88167217600005
            ],
            [
              130.26532212400002,
              48.90304456500007
            ],
            [
              129.43098259600004,
              49.39914210100005
            ],
            [
              129.15662575400006,
              49.37699496500005
            ],
            [
              128.65385492200005,
              49.64490856200007
            ],
            [
              128.22389917500004,
              49.56626275100007
            ],
            [
              127.74540003900006,
              49.65388857700003
            ],
            [
              127.50268308400007,
              49.95599321000003
            ],
            [
              127.5835164990001,
              50.18952232200007
            ],
            [
              127.33429819800006,
              50.328070437000065
            ],
            [
              127.41556503600009,
              50.648638608000056
            ],
            [
              126.94421738000005,
              51.14411686900007
            ],
            [
              126.99297748300012,
              51.310363807000044
            ],
            [
              126.5223070510001,
              51.94202137800005
            ],
            [
              126.55616823200012,
              52.11909979200004
            ],
            [
              126.35300114000006,
              52.455682704000026
            ],
            [
              126.09057697900005,
              52.63072391800006
            ],
            [
              126.04825050000011,
              52.75386245100003
            ],
            [
              125.66731220200006,
              53.08562083400005
            ],
            [
              125.1001374010001,
              53.242949827000075
            ],
            [
              124.710733806,
              53.17704336500003
            ],
            [
              123.64410657000008,
              53.57096340100003
            ],
            [
              121.61243564100005,
              53.40979586600008
            ],
            [
              121.59307227900001,
              53.40578626000007
            ],
            [
              121.9165090570001,
              53.08012929600005
            ],
            [
              121.33680561800008,
              52.661541113000055
            ],
            [
              121.62936623200005,
              52.50352792500007
            ],
            [
              121.79731769600005,
              52.47053678900005
            ],
            [
              121.93276242400009,
              52.34494469900005
            ],
            [
              122.06820715300012,
              52.33501430100006
            ],
            [
              122.19281630300009,
              52.384643992000065
            ],
            [
              122.24699419400008,
              52.51342044100005
            ],
            [
              122.35534997700006,
              52.52990302000006
            ],
            [
              122.496212495,
              52.46063462200004
            ],
            [
              122.59915048900007,
              52.32839279600006
            ],
            [
              122.7887731080001,
              52.29858376000004
            ],
            [
              122.83990349300007,
              52.254039843000044
            ],
            [
              122.7806464250001,
              52.08269979000005
            ],
            [
              122.87376467500007,
              51.96810631000005
            ],
            [
              122.82297290100007,
              51.77995591500007
            ],
            [
              123.03460529100005,
              51.47516697900005
            ],
            [
              123.2377723840001,
              51.369592228000045
            ],
            [
              123.39861299800009,
              51.33258343300008
            ],
            [
              123.55098831900011,
              51.37487675800003
            ],
            [
              123.66103716100008,
              51.29554474200006
            ],
            [
              123.82187777400009,
              51.29554474200006
            ],
            [
              123.9234613220001,
              51.38016067900003
            ],
            [
              124.09276723300002,
              51.35902133700006
            ],
            [
              124.1858854830001,
              51.40657113300006
            ],
            [
              124.40598316800003,
              51.369592228000045
            ],
            [
              124.61761555500004,
              51.42241008900004
            ],
            [
              124.88003971700005,
              51.40129026300008
            ],
            [
              125.150929173,
              51.67508755700004
            ],
            [
              125.54033276900009,
              51.633072079000044
            ],
            [
              125.94666695500007,
              51.18955509300008
            ],
            [
              126.09057697900005,
              51.18955509300008
            ],
            [
              126.10750757000005,
              51.06204498200003
            ],
            [
              126.07364638700005,
              50.93418269800003
            ],
            [
              125.87894459000006,
              50.85943359600003
            ],
            [
              125.86201399800007,
              50.72565450600007
            ],
            [
              125.91280577200007,
              50.68276431000004
            ],
            [
              125.86201399800007,
              50.55385824600006
            ],
            [
              125.60805513200012,
              50.435383855000055
            ],
            [
              125.51493688300002,
              50.25170232600004
            ],
            [
              125.3625615630001,
              50.17044043900006
            ],
            [
              125.3117697890001,
              49.89856737500003
            ],
            [
              125.30330449300004,
              49.80577971200006
            ],
            [
              125.26944331200002,
              49.679959816000064
            ],
            [
              125.3794921540001,
              49.47136820900005
            ],
            [
              125.2779086060001,
              49.22872658400007
            ],
            [
              125.184790356,
              49.18448131000008
            ],
            [
              124.99008855800002,
              49.22319809000004
            ],
            [
              124.84753298100009,
              49.091437334000034
            ],
            [
              124.6308214170001,
              48.502585907000025
            ],
            [
              124.59289689200011,
              48.23624785800007
            ],
            [
              124.45203437400005,
              48.35879237300003
            ],
            [
              124.42494542800011,
              48.54205780400008
            ],
            [
              124.26241175500002,
              48.56357496600003
            ],
            [
              123.48766790800005,
              48.03739109600008
            ],
            [
              123.35222317900002,
              47.99752730200004
            ],
            [
              123.2926274990001,
              47.84503651700004
            ],
            [
              122.64834401400003,
              47.58213902800003
            ],
            [
              122.56859415800011,
              47.41581625900005
            ],
            [
              122.70382217500003,
              47.17595122100005
            ],
            [
              122.87719142600008,
              47.131150244000025
            ],
            [
              123.13724530600007,
              46.88288465200003
            ],
            [
              123.52212504700003,
              46.79037778000003
            ],
            [
              123.64695090900011,
              46.87103369700003
            ],
            [
              123.59840751800004,
              46.735747788000026
            ],
            [
              123.41463610900007,
              46.64774850600003
            ],
            [
              123.1441800770001,
              46.67868351100003
            ],
            [
              123.09910407100006,
              46.59773917900003
            ],
            [
              123.0887019160001,
              46.49280792900004
            ],
            [
              123.02975637000009,
              46.37810612900006
            ],
            [
              123.16845177000005,
              46.29910858200003
            ],
            [
              123.16723220800009,
              46.29186184200006
            ],
            [
              123.36609271900011,
              46.335030706000055
            ],
            [
              123.5706684380001,
              46.323059285000056
            ],
            [
              123.87926570700006,
              46.34939295400005
            ],
            [
              124.10464573500008,
              46.18880034600005
            ],
            [
              124.11504789000003,
              46.08548553800006
            ],
            [
              124.05956972900003,
              45.97233830700003
            ],
            [
              124.19133036100004,
              45.79613970300005
            ],
            [
              124.51379717000009,
              45.52715023700006
            ],
            [
              124.70103596400008,
              45.49313185500006
            ],
            [
              125.00963323400003,
              45.57813925900007
            ],
            [
              125.1483286350001,
              45.46882042200008
            ],
            [
              125.43958897900006,
              45.446931164000034
            ],
            [
              125.5401431460001,
              45.55872032500008
            ],
            [
              125.71351239900002,
              45.55872032500008
            ],
            [
              125.78286010000011,
              45.52472103400004
            ],
            [
              125.77939271500009,
              45.39582318200007
            ],
            [
              125.90879552400008,
              45.29073642800006
            ],
            [
              126.29492352400007,
              45.21418717700004
            ],
            [
              126.5479039380001,
              45.329752419000044
            ],
            [
              126.68992802800005,
              45.31258869200008
            ],
            [
              126.79422697100006,
              45.22356609900004
            ],
            [
              127.02945437300002,
              45.17039842300005
            ],
            [
              127.11378117800007,
              44.985489922000056
            ],
            [
              127.0472073840001,
              44.862933773000066
            ],
            [
              127.13819156800002,
              44.71646742400003
            ],
            [
              127.30906430400012,
              44.688076169000055
            ],
            [
              127.4333353830001,
              44.714890498000045
            ],
            [
              127.58645510800011,
              44.63125189100003
            ],
            [
              127.56204471700005,
              44.49053062200005
            ],
            [
              127.87494154400008,
              44.10936127400004
            ],
            [
              128.06800554200004,
              44.13803480800004
            ],
            [
              128.13014108400012,
              44.25894740000007
            ],
            [
              128.10129243900008,
              44.511106641000026
            ],
            [
              128.15455147400007,
              44.64388432100003
            ],
            [
              128.42750402500008,
              44.58227524700004
            ],
            [
              128.48742044000005,
              44.50635897300003
            ],
            [
              128.44747616200004,
              44.231922706000034
            ],
            [
              128.60503414000004,
              44.00410591600007
            ],
            [
              128.7958790140001,
              43.92104568700006
            ],
            [
              128.9564550020001,
              43.58745081200004
            ],
            [
              129.15812921200006,
              43.579220547000034
            ],
            [
              129.31293547200005,
              43.65633512100004
            ],
            [
              129.33992004900006,
              43.815391815000055
            ],
            [
              129.57852052400006,
              43.881967264000025
            ],
            [
              129.81286027400006,
              43.86558635500006
            ],
            [
              129.89665448900007,
              44.01080955900005
            ],
            [
              130.0315773760001,
              44.00059418200004
            ],
            [
              130.1693407460001,
              43.87889618600008
            ],
            [
              130.39231857000004,
              43.959715086000074
            ],
            [
              130.52724145600007,
              43.65016959600007
            ],
            [
              130.73175614800004,
              43.59670851800007
            ],
            [
              130.95286990600005,
              43.428304843000035
            ],
            [
              131.32245463700008,
              43.451513834000025
            ]
          ]
        ]
      }
    },
    {
      "type": "Feature",
      "properties": {
        "shapeName": "Liaoning Province",
        "shapeISO": "CHN",
        "shapeID": "43563684B26929678147954",
        "shapeGroup": "CHN",
        "shapeType": "ADM1"
      },
      "geometry": {
        "type": "MultiPolygon",
        "coordinates": [
          [
            [
              [
                122.7258581000001,
                39.23140250000006
              ],
              [
                122.72301761800009,
                39.28198957500007
              ],
              [
                122.65342581300001,
                39.29518020000006
              ],
              [
                122.59223113500002,
                39.30129066400008
              ],
              [
                122.53980654000009,
                39.286386726000046
              ],
              [
                122.60939834500005,
                39.224801496000055
              ],
              [
                122.7258581000001,
                39.23140250000006
              ]
            ]
          ],
          [
            [
              [
                119.97126983200008,
                40.07433721700005
              ],
              [
                120.5401739020001,
                40.25855126300007
              ],
              [
                120.61645637400011,
                40.488368974000025
              ],
              [
                121.01173827100001,
                40.751558361000036
              ],
              [
                121.03947735000008,
                40.890628107000055
              ],
              [
                121.21978137300005,
                40.95612581100005
              ],
              [
                121.56305249200011,
                40.91159443500004
              ],
              [
                121.826573757,
                40.95874437000003
              ],
              [
                121.99300823900012,
                40.90635347600005
              ],
              [
                122.32934458900002,
                40.53581957800003
              ],
              [
                122.15944272100012,
                40.34053021100004
              ],
              [
                122.0103451650001,
                40.18706921300003
              ],
              [
                121.95139961900009,
                40.096947517000046
              ],
              [
                121.53531341300004,
                39.887085755000044
              ],
              [
                121.4867700210001,
                39.67657960200006
              ],
              [
                121.31686815400008,
                39.60982964200008
              ],
              [
                121.62546542400003,
                39.40651431900005
              ],
              [
                121.8057694470001,
                39.403835152000056
              ],
              [
                121.70798918800006,
                39.291539286000045
              ],
              [
                121.65251102700006,
                39.20905284200006
              ],
              [
                121.63475801600009,
                39.143682280000064
              ],
              [
                121.48385741700008,
                39.10925231400006
              ],
              [
                121.38843498100005,
                39.04034190100003
              ],
              [
                121.350709832,
                39.016207361000056
              ],
              [
                121.23309613200001,
                39.02137974100003
              ],
              [
                121.17317971700004,
                38.94202833000003
              ],
              [
                121.14433107400009,
                38.85394783800007
              ],
              [
                121.17317971700004,
                38.78305883500008
              ],
              [
                121.21534312100005,
                38.76056710100005
              ],
              [
                121.36402459100009,
                38.822834525000076
              ],
              [
                121.65694928000005,
                38.98861493900006
              ],
              [
                121.954312221,
                39.079973610000025
              ],
              [
                122.14959534800005,
                39.18497602200006
              ],
              [
                122.30049594600007,
                39.33961156200007
              ],
              [
                123.14376399000002,
                39.72982650300003
              ],
              [
                123.3235132310001,
                39.71617189800003
              ],
              [
                123.39896352900007,
                39.82192435700006
              ],
              [
                123.66303957600007,
                39.79976391400004
              ],
              [
                123.81172104600012,
                39.87303656800003
              ],
              [
                124.11158050600011,
                39.847165767000035
              ],
              [
                124.44098208500009,
                39.96685603100008
              ],
              [
                124.4999276310001,
                40.17382352100003
              ],
              [
                124.87440521600001,
                40.44088479800007
              ],
              [
                125.05124185400007,
                40.48045727600004
              ],
              [
                125.15179602100011,
                40.601667484000075
              ],
              [
                125.31129573200008,
                40.638514007000026
              ],
              [
                125.77245794400005,
                40.86178855500003
              ],
              [
                125.78043022800011,
                40.86282897400008
              ],
              [
                125.75097125200011,
                40.912567111000044
              ],
              [
                125.73108788000002,
                40.95762992300007
              ],
              [
                125.72966764000012,
                40.99623072300005
              ],
              [
                125.74671053000009,
                41.04552109300005
              ],
              [
                125.79073799900004,
                41.068010955000034
              ],
              [
                125.8422217320001,
                41.27534396400006
              ],
              [
                125.6757872500001,
                41.441908872000056
              ],
              [
                125.53820141100005,
                41.689299438000035
              ],
              [
                125.44943635300001,
                41.715808536000054
              ],
              [
                125.39617731800001,
                41.90436944900006
              ],
              [
                125.48494237600005,
                42.049545530000046
              ],
              [
                125.56039267400001,
                42.21576007300007
              ],
              [
                125.40159198700007,
                42.25946281100005
              ],
              [
                125.1970772950001,
                42.631509540000025
              ],
              [
                125.05931392700006,
                42.72443672500003
              ],
              [
                125.07493657600003,
                42.81409949300007
              ],
              [
                124.9627375440001,
                42.915074978000064
              ],
              [
                124.97836019300007,
                43.08023417900006
              ],
              [
                124.91586959300002,
                43.173523739000075
              ],
              [
                124.74260020200006,
                43.11030968400007
              ],
              [
                124.68295008400003,
                43.00550010200004
              ],
              [
                124.54518671300002,
                42.94835024500003
              ],
              [
                124.47417466900004,
                42.98888016800004
              ],
              [
                124.50257948700005,
                43.14866043400008
              ],
              [
                124.36339587600003,
                43.32145782100008
              ],
              [
                124.2014884130001,
                43.37103347200008
              ],
              [
                124.06372504500007,
                43.43604006400005
              ],
              [
                123.8592103530001,
                43.53805233500003
              ],
              [
                123.78385887000002,
                43.43983521000007
              ],
              [
                123.8099180050001,
                43.42951353600006
              ],
              [
                123.68812610600003,
                43.15157411900003
              ],
              [
                123.31429865600012,
                43.036843230000045
              ],
              [
                123.20594287300003,
                42.862358389000065
              ],
              [
                122.86462215600011,
                42.79083568000004
              ],
              [
                122.72375963900004,
                42.898088707000056
              ],
              [
                122.49079470600009,
                42.945696946000055
              ],
              [
                122.46370576000004,
                42.85838707500005
              ],
              [
                122.49079470600009,
                42.77493050600003
              ],
              [
                122.39327450000008,
                42.73514969900003
              ],
              [
                122.12780283300003,
                42.79083568000004
              ],
              [
                122.00319368200007,
                42.755043295000064
              ],
              [
                121.98694031500008,
                42.627613980000035
              ],
              [
                121.78648211600012,
                42.55981083000006
              ],
              [
                121.56435276200011,
                42.607679533000066
              ],
              [
                121.17968973300003,
                42.375973712000075
              ],
              [
                120.94932533800011,
                42.370370206000075
              ],
              [
                120.60952160400007,
                42.19336302100004
              ],
              [
                120.2073049380001,
                41.84302404600004
              ],
              [
                120.0928812300001,
                42.04676472700004
              ],
              [
                119.94031628900007,
                42.213911075000055
              ],
              [
                119.97845752600006,
                42.32680590700005
              ],
              [
                119.74961011100004,
                42.35756031000005
              ],
              [
                119.62131686400005,
                42.46508224100006
              ],
              [
                119.37513252600002,
                42.370370206000075
              ],
              [
                119.38553468000009,
                42.278080672000044
              ],
              [
                119.45834976700007,
                42.177947594000045
              ],
              [
                119.37859991100004,
                41.724090389000025
              ],
              [
                119.49302361800005,
                41.57122220000008
              ],
              [
                119.45488238200005,
                41.45438405400006
              ],
              [
                119.32312175000004,
                41.38157835100003
              ],
              [
                119.28470498700005,
                41.38653246000007
              ],
              [
                119.27138836600011,
                41.25365922000003
              ],
              [
                119.07166698700007,
                41.16517767700003
              ],
              [
                119.08054349200006,
                41.05649924800008
              ],
              [
                118.9562724110001,
                40.96104861500004
              ],
              [
                119.10051563000002,
                40.78653690500005
              ],
              [
                119.2847031230001,
                40.75292423600007
              ],
              [
                119.37346818000003,
                40.64693321500005
              ],
              [
                119.67970762900006,
                40.591346816000055
              ],
              [
                119.71210687500002,
                40.39105578200008
              ],
              [
                119.85555120700008,
                40.280630838000036
              ],
              [
                119.85697144900007,
                40.128773067000054
              ],
              [
                119.97126983200008,
                40.07433721700005
              ]
            ]
          ]
        ]
      }
    },
    {
      "type": "Feature",
      "properties": {
        "shapeName": "Shandong Province",
        "shapeISO": "CHN",
        "shapeID": "43563684B58995436924100",
        "shapeGroup": "CHN",
        "shapeType": "ADM1"
      },
      "geometry": {
        "type": "Polygon",
        "coordinates": [
          [
            [
              116.45645125200008,
              34.73220183800004
            ],
            [
              116.51800724400005,
              34.759342262000075
            ],
            [
              116.58042017500009,
              34.99828124700008
            ],
            [
              116.85434359400006,
              35.060745637000025
            ],
            [
              117.02077807600006,
              35.052230577000046
            ],
            [
              117.19761471400011,
              34.790671399000075
            ],
            [
              117.28429934100006,
              34.60822617700006
            ],
            [
              117.48540767400004,
              34.65957954800007
            ],
            [
              117.6587769250001,
              34.57397294000003
            ],
            [
              117.89109172300005,
              34.63390683700004
            ],
            [
              117.97084158000007,
              34.75079588800003
            ],
            [
              118.08526528700008,
              34.767887752000036
            ],
            [
              118.27250408000009,
              34.67098709000004
            ],
            [
              118.2933083910001,
              34.513995805000036
            ],
            [
              118.4978841090001,
              34.545417789000055
            ],
            [
              118.60537304500008,
              34.728001232000054
            ],
            [
              118.82381830200006,
              34.80775500500005
            ],
            [
              118.96598109000001,
              35.08912275700004
            ],
            [
              119.06306787100004,
              35.17419488200005
            ],
            [
              119.17402419300004,
              35.194032253000046
            ],
            [
              119.28151313,
              35.199699183000064
            ],
            [
              119.44213042800004,
              35.186350823000055
            ],
            [
              119.49649100300007,
              35.36386808000003
            ],
            [
              119.75307749700005,
              35.64895278200004
            ],
            [
              119.94378367500008,
              35.671490463000055
            ],
            [
              120.09634861600011,
              35.93583123700006
            ],
            [
              120.27318525400005,
              36.014400857000055
            ],
            [
              120.1344898530001,
              36.16010823000005
            ],
            [
              120.25238094300005,
              36.23286058200006
            ],
            [
              120.36680465000006,
              36.143309628000054
            ],
            [
              120.51243482300004,
              36.09849576600004
            ],
            [
              120.703141,
              36.185299386000054
            ],
            [
              120.81409732200007,
              36.51204657100004
            ],
            [
              120.9319884140001,
              36.60952475200003
            ],
            [
              120.98399918900009,
              36.58725486800006
            ],
            [
              121.79536729200004,
              36.90122048500007
            ],
            [
              121.94446484700006,
              37.02866127500005
            ],
            [
              122.14557318200002,
              36.99543642000003
            ],
            [
              122.21145349800008,
              37.01481935000004
            ],
            [
              122.37442059500006,
              36.88180862400003
            ],
            [
              122.53738769300003,
              36.97604854800005
            ],
            [
              122.58939846800001,
              37.144833833000064
            ],
            [
              122.65527878400007,
              37.442744692000076
            ],
            [
              122.46110522000004,
              37.52253820400006
            ],
            [
              122.32240982000008,
              37.453755760000035
            ],
            [
              122.1213014870001,
              37.561028703000034
            ],
            [
              121.58038941900008,
              37.45650827400004
            ],
            [
              121.35500939000008,
              37.654422871000065
            ],
            [
              121.1920422930001,
              37.62971229800007
            ],
            [
              120.87997763700002,
              37.88465822000006
            ],
            [
              120.38067419100003,
              37.77511174500006
            ],
            [
              120.2419787880001,
              37.57202233900006
            ],
            [
              119.95418583000003,
              37.420717696000054
            ],
            [
              119.9264467480001,
              37.27186601300008
            ],
            [
              119.65945810000005,
              37.13654169800003
            ],
            [
              119.01257407700007,
              37.322033041000054
            ],
            [
              119.03424523300009,
              37.764490790000025
            ],
            [
              118.89338271500003,
              37.96978651200004
            ],
            [
              118.67125336100003,
              38.01675285600004
            ],
            [
              118.47079516200006,
              38.183027448000075
            ],
            [
              118.13489223500005,
              38.10206914100007
            ],
            [
              117.88327616900006,
              38.30339074800003
            ],
            [
              117.79357152000011,
              38.16599106100006
            ],
            [
              117.6039488990001,
              38.13616779800003
            ],
            [
              117.58227774400007,
              37.99113857800006
            ],
            [
              117.51184648500009,
              37.93561028600004
            ],
            [
              117.23012144900008,
              37.95697229000007
            ],
            [
              116.94297862400003,
              37.91851621100005
            ],
            [
              116.54748001700011,
              37.65733954900003
            ],
            [
              116.43370644600009,
              37.70879148100005
            ],
            [
              116.29826171700006,
              37.47697691500008
            ],
            [
              116.1357280420001,
              37.45117518600006
            ],
            [
              115.77815395900006,
              36.92461214700006
            ],
            [
              115.46933997700012,
              36.73814644700008
            ],
            [
              115.4314154540001,
              36.52075497900006
            ],
            [
              115.61020249600006,
              36.30711706300008
            ],
            [
              115.58311355,
              36.211007005000056
            ],
            [
              115.54944646400008,
              36.22023203300006
            ],
            [
              115.54769421100002,
              36.13961345200005
            ],
            [
              115.44783352200011,
              36.07507034900004
            ],
            [
              115.47668216700004,
              35.91887239400006
            ],
            [
              115.80955113100003,
              36.07507034900004
            ],
            [
              116.15573485400012,
              36.19335884700007
            ],
            [
              116.1623922330001,
              36.10555564600003
            ],
            [
              115.42120400400006,
              35.665067874000044
            ],
            [
              115.37460235000003,
              35.545987499000034
            ],
            [
              115.16600446500001,
              35.43757892800005
            ],
            [
              115.09499241900005,
              35.33264503200007
            ],
            [
              114.94853007400002,
              35.23663787800007
            ],
            [
              114.97737871900006,
              35.16047592700005
            ],
            [
              115.27252253400002,
              35.07334629700006
            ],
            [
              115.44561439600011,
              34.94065817000006
            ],
            [
              115.5543515920001,
              34.91154709700004
            ],
            [
              115.54769421100002,
              34.76765988400007
            ],
            [
              115.69637568300004,
              34.67463717100003
            ],
            [
              115.82952326800012,
              34.718425602000025
            ],
            [
              116.08028455600004,
              34.70018323900007
            ],
            [
              116.260033797,
              34.70748066600004
            ],
            [
              116.2696651010001,
              34.706579856000076
            ],
            [
              116.3758444560001,
              34.69664831500006
            ],
            [
              116.45645125200008,
              34.73220183800004
            ]
          ]
        ]
      }
    },
    {
      "type": "Feature",
      "properties": {
        "shapeName": "Jilin Province",
        "shapeISO": "CHN",
        "shapeID": "43563684B3982601277390",
        "shapeGroup": "CHN",
        "shapeType": "ADM1"
      },
      "geometry": {
        "type": "Polygon",
        "coordinates": [
          [
            [
              125.78043022800011,
              40.86282897400008
            ],
            [
              125.92567302100008,
              40.88178094400007
            ],
            [
              126.49454088200002,
              41.30641200300005
            ],
            [
              126.62998561000006,
              41.63523130600004
            ],
            [
              127.00923085000011,
              41.76063424800003
            ],
            [
              127.30179146300009,
              41.52175400900006
            ],
            [
              128.19572667300008,
              41.37962707500003
            ],
            [
              128.30408245400008,
              41.558250599000075
            ],
            [
              128.0873708900001,
              41.914020304000076
            ],
            [
              128.1578021480001,
              41.998628534000034
            ],
            [
              128.683327694,
              41.97446621600005
            ],
            [
              129.17092871700004,
              42.11930254400005
            ],
            [
              129.28470228800006,
              42.35595889000007
            ],
            [
              129.6802008960001,
              42.39598215900003
            ],
            [
              129.91316583000003,
              42.945696946000055
            ],
            [
              130.10278844900006,
              42.945696946000055
            ],
            [
              130.36284232800006,
              42.58773870700003
            ],
            [
              130.5741361040001,
              42.547837911000045
            ],
            [
              130.50370484600012,
              42.66746372500006
            ],
            [
              130.55246494900007,
              42.766976388000046
            ],
            [
              130.9100390310001,
              42.83058073500007
            ],
            [
              131.17551070000002,
              43.05663975200008
            ],
            [
              131.32245463700008,
              43.451513834000025
            ],
            [
              130.95286990600005,
              43.428304843000035
            ],
            [
              130.73175614800004,
              43.59670851800007
            ],
            [
              130.52724145600007,
              43.65016959600007
            ],
            [
              130.39231857000004,
              43.959715086000074
            ],
            [
              130.1693407460001,
              43.87889618600008
            ],
            [
              130.0315773760001,
              44.00059418200004
            ],
            [
              129.89665448900007,
              44.01080955900005
            ],
            [
              129.81286027400006,
              43.86558635500006
            ],
            [
              129.57852052400006,
              43.881967264000025
            ],
            [
              129.33992004900006,
              43.815391815000055
            ],
            [
              129.31293547200005,
              43.65633512100004
            ],
            [
              129.15812921200006,
              43.579220547000034
            ],
            [
              128.9564550020001,
              43.58745081200004
            ],
            [
              128.7958790140001,
              43.92104568700006
            ],
            [
              128.60503414000004,
              44.00410591600007
            ],
            [
              128.44747616200004,
              44.231922706000034
            ],
            [
              128.48742044000005,
              44.50635897300003
            ],
            [
              128.42750402500008,
              44.58227524700004
            ],
            [
              128.15455147400007,
              44.64388432100003
            ],
            [
              128.10129243900008,
              44.511106641000026
            ],
            [
              128.13014108400012,
              44.25894740000007
            ],
            [
              128.06800554200004,
              44.13803480800004
            ],
            [
              127.87494154400008,
              44.10936127400004
            ],
            [
              127.56204471700005,
              44.49053062200005
            ],
            [
              127.58645510800011,
              44.63125189100003
            ],
            [
              127.4333353830001,
              44.714890498000045
            ],
            [
              127.30906430400012,
              44.688076169000055
            ],
            [
              127.13819156800002,
              44.71646742400003
            ],
            [
              127.0472073840001,
              44.862933773000066
            ],
            [
              127.11378117800007,
              44.985489922000056
            ],
            [
              127.02945437300002,
              45.17039842300005
            ],
            [
              126.79422697100006,
              45.22356609900004
            ],
            [
              126.68992802800005,
              45.31258869200008
            ],
            [
              126.5479039380001,
              45.329752419000044
            ],
            [
              126.29492352400007,
              45.21418717700004
            ],
            [
              125.90879552400008,
              45.29073642800006
            ],
            [
              125.77939271500009,
              45.39582318200007
            ],
            [
              125.78286010000011,
              45.52472103400004
            ],
            [
              125.71351239900002,
              45.55872032500008
            ],
            [
              125.5401431460001,
              45.55872032500008
            ],
            [
              125.43958897900006,
              45.446931164000034
            ],
            [
              125.1483286350001,
              45.46882042200008
            ],
            [
              125.00963323400003,
              45.57813925900007
            ],
            [
              124.70103596400008,
              45.49313185500006
            ],
            [
              124.51379717000009,
              45.52715023700006
            ],
            [
              124.19133036100004,
              45.79613970300005
            ],
            [
              124.05956972900003,
              45.97233830700003
            ],
            [
              124.11504789000003,
              46.08548553800006
            ],
            [
              124.10464573500008,
              46.18880034600005
            ],
            [
              123.87926570700006,
              46.34939295400005
            ],
            [
              123.5706684380001,
              46.323059285000056
            ],
            [
              123.36609271900011,
              46.335030706000055
            ],
            [
              123.16723220800009,
              46.29186184200006
            ],
            [
              123.15111484600004,
              46.19600112200004
            ],
            [
              123.06096283500005,
              46.17439596300005
            ],
            [
              122.904930508,
              46.167192356000044
            ],
            [
              122.84598496100011,
              46.097508848000075
            ],
            [
              122.904930508,
              46.01088251700003
            ],
            [
              122.82864803700011,
              45.81547640500003
            ],
            [
              122.72115909900003,
              45.80822592800007
            ],
            [
              122.54085507700006,
              45.97715780100003
            ],
            [
              122.47150737700008,
              45.97474810700004
            ],
            [
              122.35361628400005,
              45.885515686000076
            ],
            [
              122.14557318200002,
              46.046993334000035
            ],
            [
              121.94099746400002,
              46.07827029500004
            ],
            [
              121.8612476080001,
              45.90240850600003
            ],
            [
              121.77456298200002,
              45.82755843600006
            ],
            [
              121.84391068100001,
              45.767122063000045
            ],
            [
              122.01727993400004,
              45.74050929300006
            ],
            [
              122.111870199,
              45.555515555000056
            ],
            [
              122.282742933,
              45.499548323000056
            ],
            [
              122.31602983100004,
              45.406145853000055
            ],
            [
              122.27164730200002,
              45.24388178800007
            ],
            [
              122.14515709500006,
              45.20793370400003
            ],
            [
              122.1213014870001,
              45.10533736700006
            ],
            [
              122.14210579700011,
              44.756763024000065
            ],
            [
              122.33627936000005,
              44.57180310800004
            ],
            [
              122.37095321000004,
              44.48281274200008
            ],
            [
              122.29813812400005,
              44.41350402200004
            ],
            [
              122.41949660000012,
              44.29201587500006
            ],
            [
              123.1615170010001,
              44.55698082200007
            ],
            [
              123.23086470300007,
              44.532268619000035
            ],
            [
              123.40770134000002,
              44.19265518000003
            ],
            [
              123.3856487700001,
              44.099800336000044
            ],
            [
              123.53876849500011,
              43.96738206100008
            ],
            [
              123.59494013200003,
              43.713388364000025
            ],
            [
              123.48745119600005,
              43.665750779000064
            ],
            [
              123.46664688600004,
              43.56533746000008
            ],
            [
              123.78385887000002,
              43.43983521000007
            ],
            [
              123.8592103530001,
              43.53805233500003
            ],
            [
              124.06372504500007,
              43.43604006400005
            ],
            [
              124.2014884130001,
              43.37103347200008
            ],
            [
              124.36339587600003,
              43.32145782100008
            ],
            [
              124.50257948700005,
              43.14866043400008
            ],
            [
              124.47417466900004,
              42.98888016800004
            ],
            [
              124.54518671300002,
              42.94835024500003
            ],
            [
              124.68295008400003,
              43.00550010200004
            ],
            [
              124.74260020200006,
              43.11030968400007
            ],
            [
              124.91586959300002,
              43.173523739000075
            ],
            [
              124.97836019300007,
              43.08023417900006
            ],
            [
              124.9627375440001,
              42.915074978000064
            ],
            [
              125.07493657600003,
              42.81409949300007
            ],
            [
              125.05931392700006,
              42.72443672500003
            ],
            [
              125.1970772950001,
              42.631509540000025
            ],
            [
              125.40159198700007,
              42.25946281100005
            ],
            [
              125.56039267400001,
              42.21576007300007
            ],
            [
              125.48494237600005,
              42.049545530000046
            ],
            [
              125.39617731800001,
              41.90436944900006
            ],
            [
              125.44943635300001,
              41.715808536000054
            ],
            [
              125.53820141100005,
              41.689299438000035
            ],
            [
              125.6757872500001,
              41.441908872000056
            ],
            [
              125.8422217320001,
              41.27534396400006
            ],
            [
              125.79073799900004,
              41.068010955000034
            ],
            [
              125.74671053000009,
              41.04552109300005
            ],
            [
              125.72966764000012,
              40.99623072300005
            ],
            [
              125.73108788000002,
              40.95762992300007
            ],
            [
              125.75097125200011,
              40.912567111000044
            ],
            [
              125.78043022800011,
              40.86282897400008
            ]
          ]
        ]
      }
    }
  ]
}