{
  "type": "FeatureCollection",
  "features": [
    {
      "type": "Feature",
      "properties": {
        "shapeName": "Hainan Province",
        "shapeISO": "CHN",
        "shapeID": "43563684B67556328368055",
        "shapeGroup": "CHN",
        "shapeType": "ADM1"
      },
      "geometry": {
        "type": "Polygon",
        "coordinates": [
          [
            [
              110.92511515700005,
              20.000419416000057
            ],
            [
              110.92164777200009,
              20.15999338000006
            ],
            [
              110.83259892300003,
              20.152743516000044
            ],
            [
              110.59571357700008,
              20.078598390000025
            ],
            [
              110.10681228500005,
              20.049285836000024
            ],
            [
              110.01319288900004,
              19.954797066000026
            ],
            [
              109.65605222900007,
              20.019967807000057
            ],
            [
              109.55203067700006,
              19.984127236000063
            ],
            [
              109.39253096600004,
              19.87655664400006
            ],
            [
              109.25730294900006,
              19.889599401000055
            ],
            [
              109.17408570700007,
              19.840683527000067
            ],
            [
              109.17408570700007,
              19.74607012200005
            ],
            [
              109.25036817700004,
              19.72322398700004
            ],
            [
              109.20529217200004,
              19.631806819000076
            ],
            [
              109.05619461600008,
              19.589345425000033
            ],
            [
              108.64704317900004,
              19.344157750000022
            ],
            [
              108.63664102400008,
              19.19031853100006
            ],
            [
              108.59849978800008,
              19.088771294000026
            ],
            [
              108.60543455900006,
              18.800169554000036
            ],
            [
              108.66784748900005,
              18.64582648800007
            ],
            [
              108.66438010400009,
              18.504495973000076
            ],
            [
              109.10473800600005,
              18.277466093000044
            ],
            [
              109.43760697100004,
              18.251124482000023
            ],
            [
              109.47574820600005,
              18.17207570000005
            ],
            [
              109.69766084900004,
              18.19513530000006
            ],
            [
              109.70459562000008,
              18.349884891000045
            ],
            [
              110.03399719900005,
              18.379502021000064
            ],
            [
              110.02359504400005,
              18.461745121000035
            ],
            [
              110.20389906600008,
              18.64911184700003
            ],
            [
              110.34606185500007,
              18.626112990000024
            ],
            [
              110.46048556000005,
              18.721373680000056
            ],
            [
              110.55757234200007,
              19.19031853100006
            ],
            [
              110.78641975500005,
              19.484777391000023
            ],
            [
              110.98406070400006,
              19.648135137000054
            ],
            [
              110.98406070400006,
              19.817850958000065
            ],
            [
              110.92511515700005,
              20.000419416000057
            ]
          ]
        ]
      }
    },
    {
      "type": "Feature",
      "properties": {
        "shapeName": "Guangzhou Province",
        "shapeISO": "CHN",
        "shapeID": "43563684B38891657012300",
        "shapeGroup": "CHN",
        "shapeType": "ADM1"
      },
      "geometry": {
        "type": "MultiPolygon",
        "coordinates": [
          [
            [
              [
                110.53676803200005,
                21.084862792000024
              ],
              [
                110.48133133300007,
                21.09040466700003
              ],
              [
                110.31485538800007,
                21.03956254900004
              ],
              [
                110.29058369400008,
                20.96187294200007
              ],
              [
                110.61305050300007,
                20.923012990000075
              ],
              [
                110.53676803200005,
                21.084862792000024
              ]
            ]
          ],
          [
            [
              [
                111.98457604700008,
                21.626025668000068
              ],
              [
                111.93983394300005,
                21.71275003100004
              ],
              [
                111.82976978600004,
                21.57716746400007
              ],
              [
                111.98457604700008,
                21.626025668000068
              ]
            ]
          ],
          [
            [
              [
                112.61622819500008,
                21.621322133000035
              ],
              [
                112.66948722900008,
                21.703818053000077
              ],
              [
                112.61918950400002,
                21.717663910000056
              ],
              [
                112.53855877,
                21.621322133000035
              ],
              [
                112.61622819500008,
                21.621322133000035
              ]
            ]
          ],
          [
            [
              [
                112.80263481500003,
                21.693508644000076
              ],
              [
                112.83370258500008,
                21.745048303000033
              ],
              [
                112.79325721500004,
                21.763830746000053
              ],
              [
                112.73606102100007,
                21.693508644000076
              ],
              [
                112.76712879200011,
                21.58005650000007
              ],
              [
                112.80263481500003,
                21.693508644000076
              ]
            ]
          ],
          [
            [
              [
                113.43322178100004,
                22.082112712000026
              ],
              [
                113.38647015000004,
                22.10497536200006
              ],
              [
                113.34942756700002,
                22.03735956500003
              ],
              [
                113.43322178100004,
                22.082112712000026
              ]
            ]
          ],
          [
            [
              [
                109.74212505200006,
                21.546600053000077
              ],
              [
                109.99100162500008,
                21.518136008000056
              ],
              [
                109.75355509700006,
                21.23089421800006
              ],
              [
                109.68254305100004,
                20.880903335000028
              ],
              [
                109.79793762400004,
                20.841503922000072
              ],
              [
                109.77574636000008,
                20.673422452000068
              ],
              [
                109.80237587900007,
                20.621507781000048
              ],
              [
                109.80015675200008,
                20.54671955500004
              ],
              [
                109.98656337200003,
                20.469815735000054
              ],
              [
                109.92442783100006,
                20.41367239500005
              ],
              [
                109.94218084300007,
                20.284673206000036
              ],
              [
                110.30611757700007,
                20.261775017000048
              ],
              [
                110.52359196800006,
                20.442786315000035
              ],
              [
                110.52803022200004,
                20.50723322700003
              ],
              [
                110.36825311900009,
                20.70041107000003
              ],
              [
                110.36603399200004,
                20.841503922000072
              ],
              [
                110.21735252000008,
                20.930656244000033
              ],
              [
                110.21291426700009,
                21.048753142000066
              ],
              [
                110.49252419900006,
                21.224688554000068
              ],
              [
                110.63232916300007,
                21.21227644100003
              ],
              [
                110.79210626600008,
                21.43140298800006
              ],
              [
                110.98960851900006,
                21.421074189000024
              ],
              [
                111.08281182900004,
                21.524329245000047
              ],
              [
                111.34244962100007,
                21.50368409200007
              ],
              [
                111.44009118500009,
                21.56354695300007
              ],
              [
                111.58655353000006,
                21.549099557000034
              ],
              [
                111.73745412700003,
                21.64401321300005
              ],
              [
                111.76630277100008,
                21.742987071000073
              ],
              [
                112.03703619600003,
                21.80687149000005
              ],
              [
                112.38321991900011,
                21.77802398600005
              ],
              [
                112.42760244700003,
                21.878964818000043
              ],
              [
                112.61622819500008,
                21.815112569000064
              ],
              [
                112.81373044700001,
                21.928379206000045
              ],
              [
                113.01123269800007,
                21.92220334500007
              ],
              [
                113.03564309,
                22.191632205000076
              ],
              [
                113.07114911300005,
                22.263529899000048
              ],
              [
                113.21539233100009,
                22.066236839000055
              ],
              [
                113.38182681400008,
                22.22245001700003
              ],
              [
                113.41067545600004,
                22.273797987000023
              ],
              [
                113.38182681400008,
                22.36617682900004
              ],
              [
                113.523850906,
                22.255314887000054
              ],
              [
                113.6334757510001,
                22.334569620000025
              ],
              [
                113.57098515100006,
                22.580013653000037
              ],
              [
                113.56726256700006,
                22.757461740000053
              ],
              [
                113.54992564000008,
                22.843765612000027
              ],
              [
                113.5707299500001,
                22.90765913100006
              ],
              [
                113.67821888800006,
                22.792629173000023
              ],
              [
                113.78570782400004,
                22.783038954000062
              ],
              [
                113.90359891600008,
                22.568682119000073
              ],
              [
                113.99732513700008,
                22.542234154000028
              ],
              [
                114.01507643200011,
                22.525838134000026
              ],
              [
                114.02795463400003,
                22.53015688100004
              ],
              [
                114.03961332353636,
                22.534065890046644
              ],
              [
                114.06234179677834,
                22.54168645556917
              ],
              [
                114.1774439290001,
                22.58027872400004
              ],
              [
                114.26638408600002,
                22.603194646000077
              ],
              [
                114.374973812,
                22.628015924000067
              ],
              [
                114.3763936470001,
                22.638936645000058
              ],
              [
                114.46878267900001,
                22.626303422000035
              ],
              [
                114.579739,
                22.552671924000038
              ],
              [
                114.60747808100007,
                22.728681648000077
              ],
              [
                114.78778210400003,
                22.802218718000063
              ],
              [
                114.8016516450001,
                22.642305055000065
              ],
              [
                114.91954273500005,
                22.616701547000048
              ],
              [
                115.19346615500001,
                22.846961001000068
              ],
              [
                115.41191141200011,
                22.83098330200005
              ],
              [
                115.42924833900008,
                22.783038954000062
              ],
              [
                115.41884618400002,
                22.677502090000075
              ],
              [
                115.55060681500004,
                22.66790379400004
              ],
              [
                115.6164871310001,
                22.853351556000064
              ],
              [
                115.66503052200005,
                22.91404682800004
              ],
              [
                115.84533454500001,
                22.78943250800006
              ],
              [
                116.04991026100004,
                22.90765913100006
              ],
              [
                116.160866585,
                22.898077019000027
              ],
              [
                116.31689891200006,
                22.98109946900007
              ],
              [
                116.55614847900006,
                22.984291622000057
              ],
              [
                116.59775710100007,
                23.201180692000037
              ],
              [
                116.81966974400007,
                23.258533800000066
              ],
              [
                116.698311267,
                23.43998902800007
              ],
              [
                116.958365146,
                23.395444071000043
              ],
              [
                117.14907132400003,
                23.45907513000003
              ],
              [
                117.07889145000001,
                23.557388399000047
              ],
              [
                117.17653301300004,
                23.652960275000055
              ],
              [
                117.22161590400003,
                23.642915019000043
              ],
              [
                117.2148537160001,
                23.66831035900003
              ],
              [
                117.176588766,
                23.711874153000053
              ],
              [
                117.10864747000005,
                23.754691292000075
              ],
              [
                117.10864747000005,
                23.835549805000028
              ],
              [
                116.98492870500002,
                24.073212074000025
              ],
              [
                117.03290128800006,
                24.29101290400007
              ],
              [
                116.8131363650001,
                24.570546555000078
              ],
              [
                116.78773412500004,
                24.724817811000037
              ],
              [
                116.72361447700007,
                24.741725517000077
              ],
              [
                116.55297347700002,
                24.684417879000023
              ],
              [
                116.4505888760001,
                24.85626153900006
              ],
              [
                116.33889658700002,
                24.934123038000052
              ],
              [
                116.20341797600008,
                24.921931108000024
              ],
              [
                116.12378550900007,
                24.960378485000035
              ],
              [
                115.96841599700008,
                24.97318308900003
              ],
              [
                115.97056108200002,
                24.967227816000047
              ],
              [
                115.8245918770001,
                24.895678235000048
              ],
              [
                115.85615278500006,
                24.730956888000037
              ],
              [
                115.81275653600005,
                24.641342741000074
              ],
              [
                115.70229335300007,
                24.644928544000038
              ],
              [
                115.47347676000004,
                24.841988817000072
              ],
              [
                115.14208721400007,
                24.723790129000065
              ],
              [
                114.48325323300003,
                24.58754335900005
              ],
              [
                114.27021709500002,
                24.759619799000063
              ],
              [
                114.45958255000005,
                24.945767303000025
              ],
              [
                114.49508857300009,
                25.092339483000046
              ],
              [
                114.73574050800005,
                25.156632890000026
              ],
              [
                114.75546607600006,
                25.29581901800003
              ],
              [
                114.67656380100004,
                25.44909561000003
              ],
              [
                114.51875925600007,
                25.427719859000035
              ],
              [
                114.36489982300009,
                25.374263894000023
              ],
              [
                114.13608323200003,
                25.402776689000063
              ],
              [
                114.04385854500003,
                25.54367680300004
              ],
              [
                114.02577785300002,
                25.53085842400003
              ],
              [
                113.94245705300011,
                25.49212061000003
              ],
              [
                113.86166112500007,
                25.451090487000045
              ],
              [
                113.76066621600012,
                25.41460752200004
              ],
              [
                113.6369474500001,
                25.43057017800004
              ],
              [
                113.55110177800009,
                25.460209502000055
              ],
              [
                113.47283072200003,
                25.510351726000067
              ],
              [
                113.34658708500001,
                25.585525807000067
              ],
              [
                113.27841552100006,
                25.567306118000033
              ],
              [
                113.14207239300003,
                25.48528322900006
              ],
              [
                113.048652102,
                25.453370304000032
              ],
              [
                113.01077901100007,
                25.398642752000057
              ],
              [
                113.0082541380001,
                25.366706875000034
              ],
              [
                113.01330388400004,
                25.33932654800003
              ],
              [
                113.03350286700004,
                25.31194002500007
              ],
              [
                113.06632621100005,
                25.26628205800006
              ],
              [
                113.06632621100005,
                25.23659516500004
              ],
              [
                113.0612764660001,
                25.172629546000053
              ],
              [
                113.03602773800003,
                25.104057690000047
              ],
              [
                113.01077901100007,
                25.06060894500007
              ],
              [
                112.995629774,
                25.02858421800005
              ],
              [
                112.90220948300009,
                25.02858421800005
              ],
              [
                112.72799326400002,
                25.16577409300004
              ],
              [
                112.664871446,
                25.25714840200004
              ],
              [
                112.28866540600006,
                25.26399870800003
              ],
              [
                112.2836156620001,
                25.245730366000032
              ],
              [
                112.25584206200006,
                25.19090886500004
              ],
              [
                112.23564308000005,
                25.115489007000065
              ],
              [
                112.240692824,
                25.065183224000066
              ],
              [
                112.23311820700008,
                24.978242759000068
              ],
              [
                112.1775710070001,
                24.891240795000044
              ],
              [
                112.00254682900004,
                24.857199923000053
              ],
              [
                112.00096129100007,
                24.85742471100008
              ],
              [
                111.99608315400008,
                24.814261637000072
              ],
              [
                112.00739458300006,
                24.768784803000074
              ],
              [
                112.05910397700006,
                24.668970839000053
              ],
              [
                112.06395173400006,
                24.605811920000065
              ],
              [
                112.06395173400006,
                24.57201614300004
              ],
              [
                112.06718357000011,
                24.520570297000063
              ],
              [
                112.076879082,
                24.46027835500007
              ],
              [
                112.0574880590001,
                24.40437223500004
              ],
              [
                111.99769907200005,
                24.346969154000078
              ],
              [
                111.93952600500006,
                24.29248575300005
              ],
              [
                111.94275784100006,
                24.164284028000054
              ],
              [
                111.93952600500006,
                24.069892438000068
              ],
              [
                111.91043947000009,
                24.01824262200006
              ],
              [
                111.86034599500005,
                23.957712154000035
              ],
              [
                111.79570925300004,
                23.928174778000027
              ],
              [
                111.75854312700005,
                23.923743590000072
              ],
              [
                111.67936311700004,
                23.910449108000023
              ],
              [
                111.66643576900009,
                23.76204918700006
              ],
              [
                111.55816922600008,
                23.70642947300007
              ],
              [
                111.54039412200007,
                23.659074864000047
              ],
              [
                111.52100309900004,
                23.595415099000036
              ],
              [
                111.48706880900005,
                23.536168962000033
              ],
              [
                111.46606186800005,
                23.485788754000055
              ],
              [
                111.43859125400007,
                23.427975982000078
              ],
              [
                111.42404798600006,
                23.373104589000036
              ],
              [
                111.42404798600006,
                23.328597589000026
              ],
              [
                111.43020867500007,
                23.247612269000058
              ],
              [
                111.45040765700008,
                23.184961017000035
              ],
              [
                111.45798227500006,
                23.136211966000076
              ],
              [
                111.44283303900005,
                23.036337196000034
              ],
              [
                111.41000969300006,
                22.964288484000065
              ],
              [
                111.09692547400005,
                22.754897502000063
              ],
              [
                111.01107979900007,
                22.70133480900006
              ],
              [
                110.91513463600006,
                22.65241143800006
              ],
              [
                110.84948794400009,
                22.643090723000057
              ],
              [
                110.79141587200007,
                22.62910846500006
              ],
              [
                110.74596816300004,
                22.57083374900003
              ],
              [
                110.72829405400006,
                22.503204202000063
              ],
              [
                110.74344329000007,
                22.416870204000077
              ],
              [
                110.76616714500005,
                22.344494965000024
              ],
              [
                110.61719965300006,
                22.269745605000026
              ],
              [
                110.53640372600006,
                22.24637823100005
              ],
              [
                110.37733674300006,
                22.248715143000027
              ],
              [
                110.34703826900005,
                22.056959092000056
              ],
              [
                110.39632378600004,
                21.99404376600006
              ],
              [
                110.37531684500004,
                21.973065785000074
              ],
              [
                110.32037561400006,
                21.96707150700007
              ],
              [
                110.20564539700007,
                21.96257563200004
              ],
              [
                110.10869028400003,
                21.96257563200004
              ],
              [
                110.06667640100005,
                21.961076975000026
              ],
              [
                109.98426455500004,
                21.910113253000077
              ],
              [
                109.96487353200007,
                21.85913129100004
              ],
              [
                109.94225067200006,
                21.767618045000063
              ],
              [
                109.92124373100006,
                21.73309787900007
              ],
              [
                109.90185270800004,
                21.72409125400003
              ],
              [
                109.84044780300007,
                21.719587729000068
              ],
              [
                109.82428861800008,
                21.70907895700003
              ],
              [
                109.79197024500007,
                21.67904966900005
              ],
              [
                109.74349269000004,
                21.611460900000054
              ],
              [
                109.74212505200006,
                21.546600053000077
              ]
            ]
          ]
        ]
      }
    },
    {
      "type": "Feature",
      "properties": {
        "shapeName": "Guangxi Zhuang Autonomous Region",
        "shapeISO": "CHN",
        "shapeID": "43563684B59914390554750",
        "shapeGroup": "CHN",
        "shapeType": "ADM1"
      },
      "geometry": {
        "type": "Polygon",
        "coordinates": [
          [
            [
              112.00096129100007,
              24.85742471100008
            ],
            [
              111.96945281600006,
              24.861891727000057
            ],
            [
              111.91360667200007,
              24.86939824600006
            ],
            [
              111.76882036800004,
              24.89097694900005
            ],
            [
              111.69849559200009,
              24.886286247000044
            ],
            [
              111.65609389100007,
              24.84312343700003
            ],
            [
              111.62713662900006,
              24.799945569000045
            ],
            [
              111.56301698100009,
              24.754874366000024
            ],
            [
              111.52371784200005,
              24.76520462800005
            ],
            [
              111.51441015100005,
              24.819659071000046
            ],
            [
              111.51234177600008,
              24.86939824600006
            ],
            [
              111.51854690300007,
              24.915365724000026
            ],
            [
              111.51130758700003,
              25.00256300600006
            ],
            [
              111.51854690300007,
              25.057849659000055
            ],
            [
              111.51751271500007,
              25.103746743000045
            ],
            [
              111.51130758700003,
              25.13277478400005
            ],
            [
              111.45442725500004,
              25.212332395000033
            ],
            [
              111.31688026800003,
              25.226366580000047
            ],
            [
              111.28068369200008,
              25.18425916600006
            ],
            [
              111.23000848500004,
              25.14213719600008
            ],
            [
              111.10487175400004,
              25.055039074000035
            ],
            [
              111.09866662500008,
              25.073775087000058
            ],
            [
              111.05212817100005,
              25.145881961000043
            ],
            [
              111.06660680200008,
              25.240399147000062
            ],
            [
              111.11004269200004,
              25.27313550200006
            ],
            [
              111.14830764500005,
              25.304928078000046
            ],
            [
              111.20932472900006,
              25.361012278000032
            ],
            [
              111.23207686200004,
              25.40305836300007
            ],
            [
              111.24448711600007,
              25.443222045000027
            ],
            [
              111.25586318300009,
              25.46843425900005
            ],
            [
              111.37844878500005,
              25.545239502000072
            ],
            [
              111.37844878500005,
              25.58794540300005
            ],
            [
              111.39817435300006,
              25.67331147300007
            ],
            [
              111.40606458000008,
              25.747956671000054
            ],
            [
              111.43368037600004,
              25.80834941100005
            ],
            [
              111.47707662600004,
              25.868711382000072
            ],
            [
              111.49680219400005,
              25.907752707000043
            ],
            [
              111.51258264900008,
              26.00352662100005
            ],
            [
              111.40606458000008,
              26.007072305000065
            ],
            [
              111.35477810200007,
              26.024799124000026
            ],
            [
              111.32321719200007,
              26.060244725000075
            ],
            [
              111.29954651100007,
              26.106307978000075
            ],
            [
              111.31739736200007,
              26.37501654600004
            ],
            [
              111.28992674500006,
              26.39673016200004
            ],
            [
              111.22529000300005,
              26.42422821300005
            ],
            [
              111.12995080900004,
              26.469079374000046
            ],
            [
              111.03127878100008,
              26.460032556000044
            ],
            [
              111.00366298700004,
              26.438839537000035
            ],
            [
              110.93265094100008,
              26.407042699000044
            ],
            [
              110.83796821400006,
              26.41764261800006
            ],
            [
              110.71961480300007,
              26.438839537000035
            ],
            [
              110.38033503000008,
              26.113393022000025
            ],
            [
              110.20675002800004,
              26.12401978500003
            ],
            [
              110.19491468600006,
              26.20899906300008
            ],
            [
              110.18702446000009,
              26.286842274000037
            ],
            [
              110.15940866300008,
              26.32928021200007
            ],
            [
              110.11601241400007,
              26.35049335000008
            ],
            [
              110.03316502700005,
              26.336351689000026
            ],
            [
              110.00160411800005,
              26.300989980000054
            ],
            [
              109.98976877700005,
              26.240850316000035
            ],
            [
              109.96609809500006,
              26.173598557000048
            ],
            [
              109.93453718500007,
              26.109850554000047
            ],
            [
              109.85563491300007,
              26.042523264000067
            ],
            [
              109.73728150300008,
              26.042523264000067
            ],
            [
              109.68204991200008,
              26.088593486000036
            ],
            [
              109.67021457000004,
              26.116935383000055
            ],
            [
              109.53818465300009,
              26.125609403000055
            ],
            [
              109.52392975600009,
              26.078672201000074
            ],
            [
              109.38253688300006,
              25.94706491100004
            ],
            [
              109.31436531900005,
              25.881206011000074
            ],
            [
              109.25376837300007,
              25.901648915000067
            ],
            [
              109.12782771900004,
              25.92099827000004
            ],
            [
              109.05995914100004,
              25.88756640500003
            ],
            [
              109.04379995600004,
              25.848308221000025
            ],
            [
              109.05834322300007,
              25.801763123000057
            ],
            [
              109.08419791900008,
              25.750833484000054
            ],
            [
              109.06803873400008,
              25.702794099000073
            ],
            [
              109.01471342200006,
              25.67512626100006
            ],
            [
              108.94038116800004,
              25.670757067000068
            ],
            [
              108.84019421700003,
              25.673669880000034
            ],
            [
              108.80141217300007,
              25.663474723000036
            ],
            [
              108.67860236200005,
              25.52648395500006
            ],
            [
              108.64305215500008,
              25.507526084000062
            ],
            [
              108.49438764800004,
              25.587711983000077
            ],
            [
              108.32310028000006,
              25.62122835200006
            ],
            [
              108.29239782700006,
              25.567306118000033
            ],
            [
              108.25846353800006,
              25.51627624300005
            ],
            [
              108.18736312100003,
              25.440420362000054
            ],
            [
              108.16958801800007,
              25.383497075000037
            ],
            [
              108.13888556500007,
              25.329468114000065
            ],
            [
              108.12111046100006,
              25.317783002000056
            ],
            [
              108.07263290500003,
              25.316322284000023
            ],
            [
              108.02900310200005,
              25.31924370200005
            ],
            [
              107.99991657000004,
              25.313400795000064
            ],
            [
              107.90942513100003,
              25.281259764000026
            ],
            [
              107.88841818900005,
              25.25495622300008
            ],
            [
              107.84317247000007,
              25.285643135000043
            ],
            [
              107.77368797200006,
              25.357215731000053
            ],
            [
              107.68642837000004,
              25.40539382600008
            ],
            [
              107.64241074900008,
              25.40772924500004
            ],
            [
              107.59897485800008,
              25.391847504000054
            ],
            [
              107.54209452400005,
              25.40399255400007
            ],
            [
              107.49659025800008,
              25.433882849000042
            ],
            [
              107.47073556200007,
              25.461898267000038
            ],
            [
              107.42523129500006,
              25.49924201300007
            ],
            [
              107.41282104100009,
              25.53284146200008
            ],
            [
              107.39420565900008,
              25.607473207000055
            ],
            [
              107.37455609000006,
              25.62146147800007
            ],
            [
              107.30836806600007,
              25.62146147800007
            ],
            [
              107.24528260400007,
              25.607473207000055
            ],
            [
              107.16047919800008,
              25.56549857400006
            ],
            [
              107.12738518800006,
              25.47216895200006
            ],
            [
              107.10049630200007,
              25.432014922000064
            ],
            [
              107.03430827800008,
              25.364750301000072
            ],
            [
              106.99707751500006,
              25.318016716000045
            ],
            [
              106.96191512600006,
              25.302123186000074
            ],
            [
              106.90400060700006,
              25.288097752000056
            ],
            [
              106.74111601500005,
              25.268108706000078
            ],
            [
              106.64254498400004,
              25.22279971100005
            ],
            [
              106.59245150800007,
              25.173086561000048
            ],
            [
              106.43409149000007,
              25.105795319000038
            ],
            [
              106.39046168900006,
              25.077990294000074
            ],
            [
              106.30481800600006,
              25.057498339000063
            ],
            [
              106.25634044800006,
              25.05603449700004
            ],
            [
              106.21917432300006,
              24.909562101000063
            ],
            [
              106.23048575200005,
              24.881712642000025
            ],
            [
              106.18362411500004,
              24.849458053000035
            ],
            [
              106.11898737300004,
              24.81719505500007
            ],
            [
              106.06404614100006,
              24.795192736000047
            ],
            [
              106.03495960800007,
              24.780522356000063
            ],
            [
              105.97355470300005,
              24.784923652000032
            ],
            [
              105.93962041400005,
              24.812794904000043
            ],
            [
              105.81034692800006,
              24.827461466000045
            ],
            [
              105.78126039400007,
              24.86118796900007
            ],
            [
              105.64067548000008,
              24.897836778000055
            ],
            [
              105.57765465600005,
              24.88904205500006
            ],
            [
              105.52594526300004,
              24.91249325800004
            ],
            [
              105.48069954400006,
              25.000395542000035
            ],
            [
              105.38697626700008,
              25.028218173000027
            ],
            [
              105.22053665600004,
              25.044323130000066
            ],
            [
              105.15105215900007,
              25.009182318000057
            ],
            [
              105.08318357800005,
              24.911027688000047
            ],
            [
              105.01854683700009,
              24.87584879700006
            ],
            [
              104.94421458300008,
              24.874382792000063
            ],
            [
              104.90058478200007,
              24.846525401000065
            ],
            [
              104.85857090000007,
              24.79812660500005
            ],
            [
              104.81170926300007,
              24.783456571000045
            ],
            [
              104.75030435700006,
              24.779055223000057
            ],
            [
              104.66304475600003,
              24.793725778000066
            ],
            [
              104.63072638500006,
              24.806927793000057
            ],
            [
              104.59032842100004,
              24.814261637000072
            ],
            [
              104.58104757100006,
              24.817365169000027
            ],
            [
              104.58022893000003,
              24.797301461000075
            ],
            [
              104.54488071000009,
              24.74227952700005
            ],
            [
              104.54235583900004,
              24.710172148000026
            ],
            [
              104.55498020100003,
              24.655111662000024
            ],
            [
              104.58275380100008,
              24.590843721000056
            ],
            [
              104.64840049400004,
              24.508165018000057
            ],
            [
              104.69637307600004,
              24.46220887900006
            ],
            [
              104.72414667600003,
              24.47599748400006
            ],
            [
              104.73424616700004,
              24.52883980200005
            ],
            [
              104.77464413100006,
              24.54951118100007
            ],
            [
              104.91098725900008,
              24.544917836000025
            ],
            [
              104.96148471300006,
              24.515056990000062
            ],
            [
              105.04733038700004,
              24.533433736000063
            ],
            [
              105.07257911400006,
              24.558697367000036
            ],
            [
              105.12307656900003,
              24.524245699000062
            ],
            [
              105.18619838700005,
              24.47140145000003
            ],
            [
              105.21144711500006,
              24.43692585100007
            ],
            [
              105.23164609600008,
              24.34264447000004
            ],
            [
              105.23164609600008,
              24.262104781000062
            ],
            [
              105.24679533300008,
              24.22757213400007
            ],
            [
              105.34526537000005,
              24.195333211000047
            ],
            [
              105.46393438800004,
              24.15387118700005
            ],
            [
              105.51948158900007,
              24.158478744000035
            ],
            [
              105.60027751600006,
              24.21836184500006
            ],
            [
              105.62047649800007,
              24.22066448000004
            ],
            [
              105.66087446200004,
              24.211453692000077
            ],
            [
              105.77196886400009,
              24.165389766000033
            ],
            [
              105.85781453600003,
              24.11239570500004
            ],
            [
              105.94013750800008,
              24.13066500800005
            ],
            [
              105.98564177400004,
              24.164637866000078
            ],
            [
              106.03321441600008,
              24.171242650000067
            ],
            [
              106.07561611900007,
              24.147652566000033
            ],
            [
              106.12112038500004,
              24.107067435000033
            ],
            [
              106.17903490600008,
              24.027747748000024
            ],
            [
              106.20385541500008,
              23.971060829000066
            ],
            [
              106.19868447500005,
              23.916239762000032
            ],
            [
              106.16765883900007,
              23.754476835000048
            ],
            [
              106.15421439700003,
              23.637996544000032
            ],
            [
              106.13973576700005,
              23.601042091000068
            ],
            [
              106.08595799700004,
              23.583982675000073
            ],
            [
              105.87601785900006,
              23.588721625000062
            ],
            [
              105.83154778000005,
              23.564077221000048
            ],
            [
              105.78604351300004,
              23.497703930000057
            ],
            [
              105.74571018600005,
              23.458812610000052
            ],
            [
              105.68365891400003,
              23.415164805000074
            ],
            [
              105.66400934300003,
              23.393335500000035
            ],
            [
              105.57603873800008,
              23.322662196000067
            ],
            [
              105.53706587800008,
              23.28252977300008
            ],
            [
              105.54165312800006,
              23.280448919000037
            ],
            [
              105.58534218000005,
              23.16930721400007
            ],
            [
              105.97022191900004,
              22.945980801000076
            ],
            [
              106.16092809700007,
              23.022591583000064
            ],
            [
              106.37937335600009,
              22.882105331000048
            ],
            [
              106.56314476400007,
              22.936401400000022
            ],
            [
              106.83013341300006,
              22.83098330300004
            ],
            [
              106.81973125800005,
              22.709491556000046
            ],
            [
              106.64917925400005,
              22.569882809000035
            ],
            [
              106.65459704400007,
              22.424723881000034
            ],
            [
              106.73586388200005,
              22.29946490800006
            ],
            [
              106.74669946000006,
              22.013454937000063
            ],
            [
              107.06093123000005,
              21.96321794100004
            ],
            [
              107.21398680700008,
              21.784370934000037
            ],
            [
              107.53354101200006,
              21.623385106000057
            ],
            [
              107.59177089100007,
              21.628666182000075
            ],
            [
              107.84031305200006,
              21.688064979000046
            ],
            [
              108.04340750200004,
              21.581129555000075
            ],
            [
              108.17975063000006,
              21.641868028000033
            ],
            [
              108.22803882100004,
              21.622064807000072
            ],
            [
              108.31893424000003,
              21.606220277000034
            ],
            [
              108.38142484100007,
              21.715776043000062
            ],
            [
              108.49078339100004,
              21.743481770000074
            ],
            [
              108.52486917200008,
              21.946493519000057
            ],
            [
              108.65411109700005,
              21.955714466000074
            ],
            [
              108.69103736000005,
              21.83579558100007
            ],
            [
              108.79471494700005,
              21.695982969000056
            ],
            [
              108.85258976400007,
              21.753292934000058
            ],
            [
              109.12554231500008,
              21.633699528000022
            ],
            [
              109.15661008600006,
              21.437599915000078
            ],
            [
              109.32304456800006,
              21.516071536000027
            ],
            [
              109.54939546500009,
              21.53877910700004
            ],
            [
              109.49835555700008,
              21.72031157200007
            ],
            [
              109.56714847700005,
              21.734741850000034
            ],
            [
              109.72026820000008,
              21.549099557000034
            ],
            [
              109.74212505200006,
              21.546600053000077
            ],
            [
              109.74349269000004,
              21.611460900000054
            ],
            [
              109.79197024500007,
              21.67904966900005
            ],
            [
              109.82428861800008,
              21.70907895700003
            ],
            [
              109.84044780300007,
              21.719587729000068
            ],
            [
              109.90185270800004,
              21.72409125400003
            ],
            [
              109.92124373100006,
              21.73309787900007
            ],
            [
              109.94225067200006,
              21.767618045000063
            ],
            [
              109.96487353200007,
              21.85913129100004
            ],
            [
              109.98426455500004,
              21.910113253000077
            ],
            [
              110.06667640100005,
              21.961076975000026
            ],
            [
              110.10869028400003,
              21.96257563200004
            ],
            [
              110.20564539700007,
              21.96257563200004
            ],
            [
              110.32037561400006,
              21.96707150700007
            ],
            [
              110.37531684500004,
              21.973065785000074
            ],
            [
              110.39632378600004,
              21.99404376600006
            ],
            [
              110.34703826900005,
              22.056959092000056
            ],
            [
              110.37733674300006,
              22.248715143000027
            ],
            [
              110.53640372600006,
              22.24637823100005
            ],
            [
              110.61719965300006,
              22.269745605000026
            ],
            [
              110.76616714500005,
              22.344494965000024
            ],
            [
              110.74344329000007,
              22.416870204000077
            ],
            [
              110.72829405400006,
              22.503204202000063
            ],
            [
              110.74596816300004,
              22.57083374900003
            ],
            [
              110.79141587200007,
              22.62910846500006
            ],
            [
              110.84948794400009,
              22.643090723000057
            ],
            [
              110.91513463600006,
              22.65241143800006
            ],
            [
              111.01107979900007,
              22.70133480900006
            ],
            [
              111.09692547400005,
              22.754897502000063
            ],
            [
              111.41000969300006,
              22.964288484000065
            ],
            [
              111.44283303900005,
              23.036337196000034
            ],
            [
              111.45798227500006,
              23.136211966000076
            ],
            [
              111.45040765700008,
              23.184961017000035
            ],
            [
              111.43020867500007,
              23.247612269000058
            ],
            [
              111.42404798600006,
              23.328597589000026
            ],
            [
              111.42404798600006,
              23.373104589000036
            ],
            [
              111.43859125400007,
              23.427975982000078
            ],
            [
              111.46606186800005,
              23.485788754000055
            ],
            [
              111.48706880900005,
              23.536168962000033
            ],
            [
              111.52100309900004,
              23.595415099000036
            ],
            [
              111.54039412200007,
              23.659074864000047
            ],
            [
              111.55816922600008,
              23.70642947300007
            ],
            [
              111.66643576900009,
              23.76204918700006
            ],
            [
              111.67936311700004,
              23.910449108000023
            ],
            [
              111.75854312700005,
              23.923743590000072
            ],
            [
              111.79570925300004,
              23.928174778000027
            ],
            [
              111.86034599500005,
              23.957712154000035
            ],
            [
              111.91043947000009,
              24.01824262200006
            ],
            [
              111.93952600500006,
              24.069892438000068
            ],
            [
              111.94275784100006,
              24.164284028000054
            ],
            [
              111.93952600500006,
              24.29248575300005
            ],
            [
              111.99769907200005,
              24.346969154000078
            ],
            [
              112.0574880590001,
              24.40437223500004
            ],
            [
              112.076879082,
              24.46027835500007
            ],
            [
              112.06718357000011,
              24.520570297000063
            ],
            [
              112.06395173400006,
              24.57201614300004
            ],
            [
              112.06395173400006,
              24.605811920000065
            ],
            [
              112.05910397700006,
              24.668970839000053
            ],
            [
              112.00739458300006,
              24.768784803000074
            ],
            [
              111.99608315400008,
              24.814261637000072
            ],
            [
              112.00096129100007,
              24.85742471100008
            ]
          ]
        ]
      }
    },
    {
      "type": "Feature",
      "properties": {
        "shapeName": "Yunnan Province",
        "shapeISO": "CHN",
        "shapeID": "43563684B84540832148656",
        "shapeGroup": "CHN",
        "shapeType": "ADM1"
      },
      "geometry": {
        "type": "Polygon",
        "coordinates": [
          [
            [
              104.58104757100006,
              24.817365169000027
            ],
            [
              104.58275380100008,
              24.859171968000055
            ],
            [
              104.58780354800007,
              24.918721735000076
            ],
            [
              104.62820151200003,
              24.998839485000076
            ],
            [
              104.70829047500007,
              25.057498339000063
            ],
            [
              104.74222476400007,
              25.159923803000027
            ],
            [
              104.75030435700006,
              25.20964232400007
            ],
            [
              104.75999986900007,
              25.330928674000063
            ],
            [
              104.74222476400007,
              25.380577208000034
            ],
            [
              104.71960190400006,
              25.41269186100004
            ],
            [
              104.65173332600006,
              25.478354285000023
            ],
            [
              104.56770556100008,
              25.49148247100004
            ],
            [
              104.49660514500005,
              25.519192820000058
            ],
            [
              104.41580921600007,
              25.688232880000044
            ],
            [
              104.35602022900008,
              25.798853447000056
            ],
            [
              104.42065697300006,
              25.87157390400006
            ],
            [
              104.45782309800006,
              25.971854656000062
            ],
            [
              104.56447372300005,
              26.14895345700006
            ],
            [
              104.57740107300003,
              26.205510468000057
            ],
            [
              104.56770556100008,
              26.28232596400005
            ],
            [
              104.58709658200007,
              26.372121090000064
            ],
            [
              104.65849998500005,
              26.443219748000047
            ],
            [
              104.69132333000005,
              26.490684886000054
            ],
            [
              104.70899744000008,
              26.53587156900005
            ],
            [
              104.65597511200008,
              26.617162757000074
            ],
            [
              104.58780354800007,
              26.716440202000058
            ],
            [
              104.49185838300008,
              26.802110210000023
            ],
            [
              104.38076398200008,
              26.76153773200008
            ],
            [
              104.33026652900008,
              26.76153773200008
            ],
            [
              104.20654776500004,
              26.768300819000046
            ],
            [
              104.17877416300007,
              26.73899120200008
            ],
            [
              104.13332645400004,
              26.682605326000044
            ],
            [
              104.06263001700006,
              26.63747653300004
            ],
            [
              103.97678434400007,
              26.635219626000037
            ],
            [
              103.85054070700005,
              26.669068563000053
            ],
            [
              103.83539147100004,
              26.734481360000075
            ],
            [
              103.84296608900007,
              26.813377769000056
            ],
            [
              103.80660792000003,
              26.87050957500003
            ],
            [
              103.79691241100005,
              26.905099041000028
            ],
            [
              103.79529649100004,
              26.952642258000026
            ],
            [
              103.80176016600007,
              26.99584596300008
            ],
            [
              103.82438302500009,
              27.02463921900005
            ],
            [
              103.83731037300004,
              27.05486419700003
            ],
            [
              103.80660792000003,
              27.10809791500003
            ],
            [
              103.72258015700004,
              27.14692817300005
            ],
            [
              103.69510954100008,
              27.17280751900006
            ],
            [
              103.69187770500008,
              27.198680866000075
            ],
            [
              103.73873934200009,
              27.25615569400003
            ],
            [
              103.81307159600004,
              27.316472313000077
            ],
            [
              103.90194711500004,
              27.44274364200004
            ],
            [
              103.99405447300006,
              27.487191231000054
            ],
            [
              104.10878469100004,
              27.47572260000004
            ],
            [
              104.23644225600003,
              27.39827814100005
            ],
            [
              104.25906511600004,
              27.41836155200008
            ],
            [
              104.27684022100004,
              27.459951287000024
            ],
            [
              104.35602022900008,
              27.510124906000044
            ],
            [
              104.45135942300004,
              27.511558102000038
            ],
            [
              104.54993045600008,
              27.45278176100004
            ],
            [
              104.91674396900004,
              27.425533315000052
            ],
            [
              105.05409704600004,
              27.482890634000057
            ],
            [
              105.09126317200008,
              27.491491659000076
            ],
            [
              105.17205910000007,
              27.490058201000068
            ],
            [
              105.21730481900005,
              27.501525337000032
            ],
            [
              105.24800727200005,
              27.535919578000062
            ],
            [
              105.32880320000004,
              27.747779261000062
            ],
            [
              105.37404891900007,
              27.84926878500005
            ],
            [
              105.36945876100003,
              27.865629813000055
            ],
            [
              105.33453466000009,
              27.992964870000037
            ],
            [
              105.34242488800004,
              28.076537770000073
            ],
            [
              105.30297375200007,
              28.114820309000038
            ],
            [
              105.20829102300007,
              28.194821456000057
            ],
            [
              105.12938875000003,
              28.208728595000025
            ],
            [
              105.05443159100008,
              28.17047961000003
            ],
            [
              105.02681579500006,
              28.052169047000064
            ],
            [
              104.82166988500006,
              27.975545684000053
            ],
            [
              104.58496306600006,
              27.98948125800007
            ],
            [
              104.50606079300007,
              28.031277174000024
            ],
            [
              104.45871942800005,
              28.114820309000038
            ],
            [
              104.48633522500006,
              28.187867207000068
            ],
            [
              104.49028033800005,
              28.316447485000026
            ],
            [
              104.42715851900005,
              28.354644129000064
            ],
            [
              104.35614647300008,
              28.420587786000056
            ],
            [
              104.34431113300008,
              28.500359393000053
            ],
            [
              104.40743295100003,
              28.59739131200007
            ],
            [
              104.39954272400007,
              28.704715101000033
            ],
            [
              104.30091488200009,
              28.749689138000065
            ],
            [
              104.19045169900005,
              28.718555327000047
            ],
            [
              104.06026294900005,
              28.704715101000033
            ],
            [
              103.97741556100004,
              28.711635443000034
            ],
            [
              103.91823885700006,
              28.70125475900005
            ],
            [
              103.86695237900005,
              28.638949034000063
            ],
            [
              103.87484260800005,
              28.55581715200003
            ],
            [
              103.93796442500008,
              28.465683483000078
            ],
            [
              103.91034863100003,
              28.378943931000038
            ],
            [
              103.76043431200009,
              28.347700305000046
            ],
            [
              103.66969669800005,
              28.330338762000054
            ],
            [
              103.61841022000004,
              28.32339335100005
            ],
            [
              103.55528840000005,
              28.236537438000028
            ],
            [
              103.55528840000005,
              28.142653575000054
            ],
            [
              103.58290419700006,
              28.09742084800007
            ],
            [
              103.57106885500008,
              28.00689819400003
            ],
            [
              103.57280470600006,
              27.907653710000034
            ],
            [
              103.41373772300005,
              27.784866085000033
            ],
            [
              103.27991946800006,
              27.65746699400006
            ],
            [
              103.19912354100006,
              27.56573712100004
            ],
            [
              103.13852659500009,
              27.536636010000052
            ],
            [
              103.09307888400008,
              27.534397143000035
            ],
            [
              103.05268092200004,
              27.520962988000065
            ],
            [
              103.02238244900008,
              27.489610241000037
            ],
            [
              103.01480782900006,
              27.42911902000003
            ],
            [
              102.99208397500007,
              27.35738278100007
            ],
            [
              102.97693473800007,
              27.274379792000047
            ],
            [
              102.96178550300004,
              27.17559278600004
            ],
            [
              102.95421088500007,
              27.099197417000028
            ],
            [
              102.95017108700006,
              26.982886593000046
            ],
            [
              102.99541680800007,
              26.93823733800008
            ],
            [
              103.01803966800009,
              26.88780563100005
            ],
            [
              103.06974906100004,
              26.83158377600006
            ],
            [
              103.07136498000006,
              26.76956321600005
            ],
            [
              103.06166946800005,
              26.66419493400008
            ],
            [
              103.06025554000007,
              26.51779902900006
            ],
            [
              103.02490732000007,
              26.483905351000033
            ],
            [
              102.92391241100006,
              26.41156545000007
            ],
            [
              102.84059161200008,
              26.37311641200006
            ],
            [
              102.77242004800007,
              26.332391717000064
            ],
            [
              102.71939771900009,
              26.332391717000064
            ],
            [
              102.67142513700009,
              26.382164397000054
            ],
            [
              102.63607692000005,
              26.431915639000067
            ],
            [
              102.60577844600004,
              26.44548043700007
            ],
            [
              102.55780586400004,
              26.44548043700007
            ],
            [
              102.51235815400008,
              26.427393686000073
            ],
            [
              102.46691044500005,
              26.402519769000037
            ],
            [
              102.42398760900005,
              26.38442628200005
            ],
            [
              102.32551757200008,
              26.316550462000066
            ],
            [
              102.26492062600005,
              26.264485382000032
            ],
            [
              102.14625160600008,
              26.194273760000044
            ],
            [
              102.05535618900007,
              26.17161581000005
            ],
            [
              101.96193589700005,
              26.17614775100003
            ],
            [
              101.86346585900009,
              26.20107028500007
            ],
            [
              101.84074200600008,
              26.221457480000026
            ],
            [
              101.79276942400008,
              26.27806983100004
            ],
            [
              101.71449836800008,
              26.314287250000064
            ],
            [
              101.68167502200004,
              26.32333983700005
            ],
            [
              101.65137654900008,
              26.393473381000035
            ],
            [
              101.65137654900008,
              26.531353700000068
            ],
            [
              101.52260803900003,
              26.63747653300004
            ],
            [
              101.51503342100006,
              26.669068563000053
            ],
            [
              101.52513291200006,
              26.723205972000073
            ],
            [
              101.53018265900005,
              26.797602874000063
            ],
            [
              101.49230956800005,
              26.84942642900006
            ],
            [
              101.41908825700006,
              26.93724693300004
            ],
            [
              101.27264563800009,
              27.04973731700005
            ],
            [
              101.24345179800008,
              27.308037135000063
            ],
            [
              101.15665929700003,
              27.40614607400005
            ],
            [
              101.05014122800009,
              27.455167921000054
            ],
            [
              101.01069009200006,
              27.521662724000066
            ],
            [
              100.99490963700003,
              27.591613839000047
            ],
            [
              100.97912918200007,
              27.672002477000035
            ],
            [
              100.89628179700009,
              27.738365909000038
            ],
            [
              100.75820281700004,
              27.874458955000023
            ],
            [
              100.63195918000008,
              27.975545684000053
            ],
            [
              100.50966065600005,
              27.961608308000052
            ],
            [
              100.18190061400009,
              28.086005269000054
            ],
            [
              100.17685087000007,
              28.14390590100004
            ],
            [
              100.15412701500009,
              28.20622544300005
            ],
            [
              100.12382854100008,
              28.317419934000043
            ],
            [
              100.12382854100008,
              28.38630220300007
            ],
            [
              100.17432599700004,
              28.470677516000023
            ],
            [
              100.20462447000006,
              28.557203221000066
            ],
            [
              100.14150265000006,
              28.61706401600003
            ],
            [
              100.07080621500006,
              28.654736654000033
            ],
            [
              100.00263465100005,
              28.652520990000028
            ],
            [
              99.93698795800003,
              28.637010039000074
            ],
            [
              99.89658999500006,
              28.59933103900005
            ],
            [
              99.81579406700007,
              28.539460148000046
            ],
            [
              99.65925195700004,
              28.375195183000073
            ],
            [
              99.50523472000003,
              28.35964340000004
            ],
            [
              99.48503573800008,
              28.321865299000024
            ],
            [
              99.39161544700005,
              28.246268822000047
            ],
            [
              99.31586926300008,
              28.35297765300004
            ],
            [
              99.26789668300006,
              28.412954305000028
            ],
            [
              99.21487435500006,
              28.535023912000042
            ],
            [
              99.20982461000006,
              28.74996584200005
            ],
            [
              99.16407391600006,
              28.93247414500007
            ],
            [
              99.16245799700005,
              29.05402706500007
            ],
            [
              99.12145406400003,
              29.27767676800005
            ],
            [
              99.12145406400003,
              29.340099191000036
            ],
            [
              99.04772778000006,
              29.33897165600007
            ],
            [
              98.98147511800005,
              29.31783964600004
            ],
            [
              98.93138164400006,
              29.272743395000077
            ],
            [
              98.93622939900007,
              29.13168940500003
            ],
            [
              98.82957877500007,
              29.015880494000044
            ],
            [
              98.67445059300007,
              28.970651495000027
            ],
            [
              98.69707345200004,
              28.854661968000073
            ],
            [
              98.66798692000003,
              28.741376626000033
            ],
            [
              98.65505957000005,
              28.637896440000077
            ],
            [
              98.67445059300007,
              28.38372547800003
            ],
            [
              98.50639506300007,
              28.306928135000078
            ],
            [
              98.36904198600007,
              28.37661694600007
            ],
            [
              98.26400728000004,
              28.287008650000075
            ],
            [
              98.15436570600008,
              28.213301262000073
            ],
            [
              98.17575703800009,
              28.19082400700006
            ],
            [
              98.17575703800009,
              27.961372657000027
            ],
            [
              98.43581091700008,
              27.539444197000023
            ],
            [
              98.56042006600006,
              27.67387137700007
            ],
            [
              98.76087826500009,
              27.56826390200007
            ],
            [
              98.75546047700004,
              27.323055776000047
            ],
            [
              98.77713163200008,
              27.173741962000065
            ],
            [
              98.82589173500008,
              26.961469432000058
            ],
            [
              98.78153358500003,
              26.269434296000043
            ],
            [
              98.61222767600003,
              26.06429608700006
            ],
            [
              98.75613770000007,
              25.91972372500004
            ],
            [
              98.65455415300005,
              25.790219023000077
            ],
            [
              98.56990119800008,
              25.805462229000057
            ],
            [
              98.40059528700004,
              25.584244253000065
            ],
            [
              98.21435878500006,
              25.57660872500003
            ],
            [
              98.14780124500004,
              25.366006737000077
            ],
            [
              97.89121475200005,
              25.30019388100004
            ],
            [
              97.75945412000004,
              25.002023333000068
            ],
            [
              97.81839966700005,
              24.87311474300003
            ],
            [
              97.63116087300006,
              24.822772410000027
            ],
            [
              97.58261748200005,
              24.662169773000073
            ],
            [
              97.59995440700004,
              24.542370452000057
            ],
            [
              97.64503041300009,
              24.42561373600006
            ],
            [
              97.71784550000007,
              24.34034460600003
            ],
            [
              97.77332366100006,
              24.239210525000033
            ],
            [
              97.65543256800004,
              24.011365125000054
            ],
            [
              97.64503041300009,
              23.88460944700006
            ],
            [
              97.76638889000009,
              23.88460944700006
            ],
            [
              98.04377969300003,
              24.11267983700003
            ],
            [
              98.33157265300008,
              24.18545031000008
            ],
            [
              98.56042006600006,
              24.131667434000065
            ],
            [
              98.86208256500004,
              24.15065221100008
            ],
            [
              98.74765886000006,
              23.935326662000023
            ],
            [
              98.84127825500008,
              23.687892686000055
            ],
            [
              98.88288687700003,
              23.61484155000005
            ],
            [
              98.95223457800006,
              23.233046572000035
            ],
            [
              99.13947337000008,
              23.102348216000053
            ],
            [
              99.50354880000003,
              23.121482770000057
            ],
            [
              99.54169003600003,
              22.965137568000046
            ],
            [
              99.40299463300005,
              22.783038954000062
            ],
            [
              99.42033156000008,
              22.555874113000073
            ],
            [
              99.28371658900005,
              22.409266009000078
            ],
            [
              99.21936192100009,
              22.152586602000042
            ],
            [
              99.99383704700006,
              22.037441846000036
            ],
            [
              99.99161792000007,
              21.763598057000024
            ],
            [
              100.14695677000009,
              21.641950535000035
            ],
            [
              100.24016008000007,
              21.39628209600005
            ],
            [
              100.39549893100008,
              21.49129559200003
            ],
            [
              100.62850720700004,
              21.435534302000065
            ],
            [
              100.83266683800008,
              21.604817292000064
            ],
            [
              101.10340026300008,
              21.71000334400003
            ],
            [
              101.30294411100004,
              21.20822159100004
            ],
            [
              101.66226506300006,
              21.213517699000022
            ],
            [
              101.78156530100006,
              21.171143518000065
            ],
            [
              101.81282724500005,
              21.53065123700003
            ],
            [
              101.79549031800008,
              21.86248954900003
            ],
            [
              101.59438198600009,
              22.193558515000063
            ],
            [
              101.60131675700006,
              22.26096276000004
            ],
            [
              101.71227307800007,
              22.45657176800006
            ],
            [
              102.20630610000006,
              22.427728711000043
            ],
            [
              102.44819088100007,
              22.616317457000036
            ],
            [
              102.49479253600003,
              22.733031028000028
            ],
            [
              102.61462536300007,
              22.769867287000068
            ],
            [
              103.02960200600006,
              22.462596005000023
            ],
            [
              103.40463437300008,
              22.79237344300003
            ],
            [
              103.58216448800005,
              22.579439926000077
            ],
            [
              103.67536779800008,
              22.78828168900003
            ],
            [
              103.99492200500003,
              22.50975544100004
            ],
            [
              104.10809745300008,
              22.745310885000038
            ],
            [
              104.25012154500007,
              22.849645071000054
            ],
            [
              104.36995437100006,
              22.72893749800005
            ],
            [
              104.90476384200008,
              22.89462729400003
            ],
            [
              104.92251685400004,
              23.033568898000055
            ],
            [
              104.90920209500007,
              23.111150450000025
            ],
            [
              105.30198747200006,
              23.34158830900003
            ],
            [
              105.36190388700004,
              23.36196185500006
            ],
            [
              105.53706587800008,
              23.28252977300008
            ],
            [
              105.57603873800008,
              23.322662196000067
            ],
            [
              105.66400934300003,
              23.393335500000035
            ],
            [
              105.68365891400003,
              23.415164805000074
            ],
            [
              105.74571018600005,
              23.458812610000052
            ],
            [
              105.78604351300004,
              23.497703930000057
            ],
            [
              105.83154778000005,
              23.564077221000048
            ],
            [
              105.87601785900006,
              23.588721625000062
            ],
            [
              106.08595799700004,
              23.583982675000073
            ],
            [
              106.13973576700005,
              23.601042091000068
            ],
            [
              106.15421439700003,
              23.637996544000032
            ],
            [
              106.16765883900007,
              23.754476835000048
            ],
            [
              106.19868447500005,
              23.916239762000032
            ],
            [
              106.20385541500008,
              23.971060829000066
            ],
            [
              106.17903490600008,
              24.027747748000024
            ],
            [
              106.12112038500004,
              24.107067435000033
            ],
            [
              106.07561611900007,
              24.147652566000033
            ],
            [
              106.03321441600008,
              24.171242650000067
            ],
            [
              105.98564177400004,
              24.164637866000078
            ],
            [
              105.94013750800008,
              24.13066500800005
            ],
            [
              105.85781453600003,
              24.11239570500004
            ],
            [
              105.77196886400009,
              24.165389766000033
            ],
            [
              105.66087446200004,
              24.211453692000077
            ],
            [
              105.62047649800007,
              24.22066448000004
            ],
            [
              105.60027751600006,
              24.21836184500006
            ],
            [
              105.51948158900007,
              24.158478744000035
            ],
            [
              105.46393438800004,
              24.15387118700005
            ],
            [
              105.34526537000005,
              24.195333211000047
            ],
            [
              105.24679533300008,
              24.22757213400007
            ],
            [
              105.23164609600008,
              24.262104781000062
            ],
            [
              105.23164609600008,
              24.34264447000004
            ],
            [
              105.21144711500006,
              24.43692585100007
            ],
            [
              105.18619838700005,
              24.47140145000003
            ],
            [
              105.12307656900003,
              24.524245699000062
            ],
            [
              105.07257911400006,
              24.558697367000036
            ],
            [
              105.04733038700004,
              24.533433736000063
            ],
            [
              104.96148471300006,
              24.515056990000062
            ],
            [
              104.91098725900008,
              24.544917836000025
            ],
            [
              104.77464413100006,
              24.54951118100007
            ],
            [
              104.73424616700004,
              24.52883980200005
            ],
            [
              104.72414667600003,
              24.47599748400006
            ],
            [
              104.69637307600004,
              24.46220887900006
            ],
            [
              104.64840049400004,
              24.508165018000057
            ],
            [
              104.58275380100008,
              24.590843721000056
            ],
            [
              104.55498020100003,
              24.655111662000024
            ],
            [
              104.54235583900004,
              24.710172148000026
            ],
            [
              104.54488071000009,
              24.74227952700005
            ],
            [
              104.58022893000003,
              24.797301461000075
            ],
            [
              104.58104757100006,
              24.817365169000027
            ]
          ]
        ]
      }
    },
    {
      "type": "Feature",
      "properties": {
        "shapeName": "Guizhou Province",
        "shapeISO": "CHN",
        "shapeID": "43563684B78583622565599",
        "shapeGroup": "CHN",
        "shapeType": "ADM1"
      },
      "geometry": {
        "type": "Polygon",
        "coordinates": [
          [
            [
              109.53818465300009,
              26.125609403000055
            ],
            [
              109.53907899300003,
              26.12855357500007
            ],
            [
              109.52897950200008,
              26.198804820000078
            ],
            [
              109.48100692000008,
              26.257692562000045
            ],
            [
              109.42293484600003,
              26.33465457400007
            ],
            [
              109.37496226300004,
              26.41834924500006
            ],
            [
              109.35728815500005,
              26.49746402100004
            ],
            [
              109.42040997400005,
              26.569749908000063
            ],
            [
              109.48353179100008,
              26.67583714500006
            ],
            [
              109.40526073600006,
              26.815631147000033
            ],
            [
              109.49868102900007,
              26.898974594000038
            ],
            [
              109.57543716000004,
              26.97568629700004
            ],
            [
              109.59644410100009,
              27.10809791500003
            ],
            [
              109.59159634500008,
              27.198680866000075
            ],
            [
              109.50918450000006,
              27.26046510900005
            ],
            [
              109.42354081600007,
              27.271956069000055
            ],
            [
              109.34759264300004,
              27.25615569400003
            ],
            [
              109.21347140400007,
              27.254719184000066
            ],
            [
              109.14075506900008,
              27.22742198800006
            ],
            [
              109.03572036300005,
              27.16561941300006
            ],
            [
              108.96461994600008,
              27.16993233200003
            ],
            [
              108.93553341200004,
              27.207303981000052
            ],
            [
              108.91291055300007,
              27.24897296200004
            ],
            [
              108.93068565700008,
              27.279137314000025
            ],
            [
              109.01794525800005,
              27.35953554500003
            ],
            [
              109.16660976500003,
              27.45564962700007
            ],
            [
              109.21670324100006,
              27.507258458000024
            ],
            [
              109.35082448200006,
              27.535919578000062
            ],
            [
              109.38960652600008,
              27.57746492600006
            ],
            [
              109.47201837200004,
              27.649057894000066
            ],
            [
              109.52372776600004,
              27.697714364000035
            ],
            [
              109.54412873800004,
              27.782632297000077
            ],
            [
              109.52392975600009,
              27.800501318000045
            ],
            [
              109.48605666500004,
              27.842928468000025
            ],
            [
              109.46333280900006,
              27.883107307000046
            ],
            [
              109.43808408300004,
              27.945578101000024
            ],
            [
              109.42293484600003,
              28.05258684300003
            ],
            [
              109.41031048300005,
              28.09268770600005
            ],
            [
              109.45323331900005,
              28.31297438200005
            ],
            [
              109.43808408300004,
              28.412954305000028
            ],
            [
              109.38506175400005,
              28.488432166000052
            ],
            [
              109.33708917400008,
              28.588246407000042
            ],
            [
              109.33744975400003,
              28.612592041000028
            ],
            [
              109.31676091800006,
              28.612592041000028
            ],
            [
              109.29607716100008,
              28.598064790000024
            ],
            [
              109.25057289500006,
              28.576270144000034
            ],
            [
              109.23609426400009,
              28.549020486000074
            ],
            [
              109.22575238600007,
              28.474502120000068
            ],
            [
              109.20713700200008,
              28.435404383000048
            ],
            [
              109.18541905700005,
              28.397201946000052
            ],
            [
              109.13164128900007,
              28.35625547500007
            ],
            [
              109.07372676800009,
              28.344423552000023
            ],
            [
              108.94962422200007,
              28.34533374800003
            ],
            [
              108.90411995500006,
              28.357165568000028
            ],
            [
              108.87412850800007,
              28.380825254000058
            ],
            [
              108.86688919200009,
              28.431766651000032
            ],
            [
              108.86792338100008,
              28.468138356000054
            ],
            [
              108.86482081600008,
              28.51994641400006
            ],
            [
              108.85034218700008,
              28.57899472300005
            ],
            [
              108.82345330200008,
              28.602604771000074
            ],
            [
              108.80690629600008,
              28.613499928000067
            ],
            [
              108.77794903500006,
              28.604420709000067
            ],
            [
              108.77070972000007,
              28.598064790000024
            ],
            [
              108.76864134400006,
              28.584443666000027
            ],
            [
              108.76967553200006,
              28.572637264000036
            ],
            [
              108.76760715700004,
              28.543569709000053
            ],
            [
              108.76760715700004,
              28.503588722000075
            ],
            [
              108.76347040400009,
              28.488137462000054
            ],
            [
              108.75312852600007,
              28.477229329000068
            ],
            [
              108.71796613900005,
              28.459046603000047
            ],
            [
              108.70969263600006,
              28.457228158000078
            ],
            [
              108.70245332000007,
              28.46541091200004
            ],
            [
              108.66418836900004,
              28.539935701000047
            ],
            [
              108.66108580500008,
              28.558104490000062
            ],
            [
              108.64951582800006,
              28.591084183000078
            ],
            [
              108.67537052600005,
              28.73995978000005
            ],
            [
              108.63820439800008,
              28.741376626000033
            ],
            [
              108.54286520400007,
              28.758377274000054
            ],
            [
              108.49923540300006,
              28.775375155000063
            ],
            [
              108.44106233400004,
              28.836261481000065
            ],
            [
              108.43621457900008,
              28.871644143000026
            ],
            [
              108.44429417200007,
              28.94237332700004
            ],
            [
              108.43944641600007,
              29.03142339200008
            ],
            [
              108.42328723100007,
              29.08651116900006
            ],
            [
              108.36349824400008,
              29.18813428900006
            ],
            [
              108.09525576500005,
              29.19659834600003
            ],
            [
              107.98052554700007,
              29.12039670400003
            ],
            [
              107.92396839800006,
              29.13451238500005
            ],
            [
              107.88518635300005,
              29.20647219400007
            ],
            [
              107.87872267800009,
              29.221986320000042
            ],
            [
              107.84963614500003,
              29.255827168000053
            ],
            [
              107.78984715800004,
              29.28401932400004
            ],
            [
              107.69450796300004,
              29.32065750000004
            ],
            [
              107.64926224300007,
              29.34178892700004
            ],
            [
              107.62017571000007,
              29.34883176200003
            ],
            [
              107.57816182800008,
              29.347423234000075
            ],
            [
              107.54261161800008,
              29.334745605000023
            ],
            [
              107.52483651500006,
              29.30515833800007
            ],
            [
              107.51352508500008,
              29.24595807600008
            ],
            [
              107.55392304800006,
              29.16556005800004
            ],
            [
              107.56200264100005,
              29.113338139000064
            ],
            [
              107.55715488600003,
              29.07521351300005
            ],
            [
              107.54422753800009,
              29.04413856700006
            ],
            [
              107.49251814400009,
              28.979133439000066
            ],
            [
              107.40687446100009,
              28.94944359300007
            ],
            [
              107.34546955600007,
              28.95934115500006
            ],
            [
              107.28729648700005,
              28.983374152000067
            ],
            [
              107.24043485000004,
              29.017293581000047
            ],
            [
              107.16287075800005,
              29.024358729000028
            ],
            [
              107.09015442400005,
              28.99750859900007
            ],
            [
              106.98511971800008,
              28.93813093700004
            ],
            [
              106.92694665000005,
              28.815026105000072
            ],
            [
              106.90593970800006,
              28.77820786500007
            ],
            [
              106.88008501200005,
              28.71870479100005
            ],
            [
              106.84938255900005,
              28.676181851000024
            ],
            [
              106.81383235000004,
              28.632223340000053
            ],
            [
              106.77181846900004,
              28.61520219500005
            ],
            [
              106.71041356200004,
              28.632223340000053
            ],
            [
              106.68132703000003,
              28.654913905000058
            ],
            [
              106.65062457700009,
              28.69035808500007
            ],
            [
              106.65385641400007,
              28.73995978000005
            ],
            [
              106.65385641400007,
              28.806530743000053
            ],
            [
              106.64254498400004,
              28.823520775000077
            ],
            [
              106.60214702000007,
              28.861738211000045
            ],
            [
              106.54720578900009,
              28.897112203000063
            ],
            [
              106.56174905500006,
              28.822105045000058
            ],
            [
              106.55366946400005,
              28.73854291600003
            ],
            [
              106.51327150000009,
              28.67192860800003
            ],
            [
              106.39369352800009,
              28.63364164400008
            ],
            [
              106.37215745100008,
              28.674813466000046
            ],
            [
              106.36783882900005,
              28.66581426700003
            ],
            [
              106.16079926400005,
              28.80086678400005
            ],
            [
              106.09767744600003,
              28.862799607000056
            ],
            [
              106.02445613600008,
              28.85837705600005
            ],
            [
              105.97395868300003,
              28.814141204000066
            ],
            [
              105.95880944500004,
              28.752179441000067
            ],
            [
              105.85528966300006,
              28.705683976000046
            ],
            [
              105.76186937300008,
              28.659167840000066
            ],
            [
              105.74167039100007,
              28.56829112500003
            ],
            [
              105.76691911700004,
              28.47511645800006
            ],
            [
              105.87043889900008,
              28.408512753000025
            ],
            [
              105.98658304700007,
              28.348533589000056
            ],
            [
              106.11282668200005,
              28.304082722000032
            ],
            [
              106.19362261100008,
              28.284073770000077
            ],
            [
              106.28704290100006,
              28.266284877000032
            ],
            [
              106.30471701200008,
              28.14390590100004
            ],
            [
              106.32491599400004,
              28.068183402000045
            ],
            [
              106.37288857400006,
              28.003554360000066
            ],
            [
              106.38803781200005,
              27.965650332000052
            ],
            [
              106.36531395700007,
              27.92327124700006
            ],
            [
              106.32996573900004,
              27.903191141000036
            ],
            [
              106.17847337500007,
              27.89872839000003
            ],
            [
              106.07495359100005,
              27.876411869000037
            ],
            [
              105.95375970100008,
              27.854090751000058
            ],
            [
              105.86538915500006,
              27.82953221200006
            ],
            [
              105.77196886400009,
              27.809434727000053
            ],
            [
              105.73662064400008,
              27.831765037000025
            ],
            [
              105.68359831800007,
              27.874179963000074
            ],
            [
              105.61542675400005,
              27.89203391700005
            ],
            [
              105.53463082500008,
              27.86971601600004
            ],
            [
              105.41091206100003,
              27.871948014000054
            ],
            [
              105.36945876100003,
              27.865629813000055
            ],
            [
              105.37404891900007,
              27.84926878500005
            ],
            [
              105.32880320000004,
              27.747779261000062
            ],
            [
              105.24800727200005,
              27.535919578000062
            ],
            [
              105.21730481900005,
              27.501525337000032
            ],
            [
              105.17205910000007,
              27.490058201000068
            ],
            [
              105.09126317200008,
              27.491491659000076
            ],
            [
              105.05409704600004,
              27.482890634000057
            ],
            [
              104.91674396900004,
              27.425533315000052
            ],
            [
              104.54993045600008,
              27.45278176100004
            ],
            [
              104.45135942300004,
              27.511558102000038
            ],
            [
              104.35602022900008,
              27.510124906000044
            ],
            [
              104.27684022100004,
              27.459951287000024
            ],
            [
              104.25906511600004,
              27.41836155200008
            ],
            [
              104.23644225600003,
              27.39827814100005
            ],
            [
              104.10878469100004,
              27.47572260000004
            ],
            [
              103.99405447300006,
              27.487191231000054
            ],
            [
              103.90194711500004,
              27.44274364200004
            ],
            [
              103.81307159600004,
              27.316472313000077
            ],
            [
              103.73873934200009,
              27.25615569400003
            ],
            [
              103.69187770500008,
              27.198680866000075
            ],
            [
              103.69510954100008,
              27.17280751900006
            ],
            [
              103.72258015700004,
              27.14692817300005
            ],
            [
              103.80660792000003,
              27.10809791500003
            ],
            [
              103.83731037300004,
              27.05486419700003
            ],
            [
              103.82438302500009,
              27.02463921900005
            ],
            [
              103.80176016600007,
              26.99584596300008
            ],
            [
              103.79529649100004,
              26.952642258000026
            ],
            [
              103.79691241100005,
              26.905099041000028
            ],
            [
              103.80660792000003,
              26.87050957500003
            ],
            [
              103.84296608900007,
              26.813377769000056
            ],
            [
              103.83539147100004,
              26.734481360000075
            ],
            [
              103.85054070700005,
              26.669068563000053
            ],
            [
              103.97678434400007,
              26.635219626000037
            ],
            [
              104.06263001700006,
              26.63747653300004
            ],
            [
              104.13332645400004,
              26.682605326000044
            ],
            [
              104.17877416300007,
              26.73899120200008
            ],
            [
              104.20654776500004,
              26.768300819000046
            ],
            [
              104.33026652900008,
              26.76153773200008
            ],
            [
              104.38076398200008,
              26.76153773200008
            ],
            [
              104.49185838300008,
              26.802110210000023
            ],
            [
              104.58780354800007,
              26.716440202000058
            ],
            [
              104.65597511200008,
              26.617162757000074
            ],
            [
              104.70899744000008,
              26.53587156900005
            ],
            [
              104.69132333000005,
              26.490684886000054
            ],
            [
              104.65849998500005,
              26.443219748000047
            ],
            [
              104.58709658200007,
              26.372121090000064
            ],
            [
              104.56770556100008,
              26.28232596400005
            ],
            [
              104.57740107300003,
              26.205510468000057
            ],
            [
              104.56447372300005,
              26.14895345700006
            ],
            [
              104.45782309800006,
              25.971854656000062
            ],
            [
              104.42065697300006,
              25.87157390400006
            ],
            [
              104.35602022900008,
              25.798853447000056
            ],
            [
              104.41580921600007,
              25.688232880000044
            ],
            [
              104.49660514500005,
              25.519192820000058
            ],
            [
              104.56770556100008,
              25.49148247100004
            ],
            [
              104.65173332600006,
              25.478354285000023
            ],
            [
              104.71960190400006,
              25.41269186100004
            ],
            [
              104.74222476400007,
              25.380577208000034
            ],
            [
              104.75999986900007,
              25.330928674000063
            ],
            [
              104.75030435700006,
              25.20964232400007
            ],
            [
              104.74222476400007,
              25.159923803000027
            ],
            [
              104.70829047500007,
              25.057498339000063
            ],
            [
              104.62820151200003,
              24.998839485000076
            ],
            [
              104.58780354800007,
              24.918721735000076
            ],
            [
              104.58275380100008,
              24.859171968000055
            ],
            [
              104.58104757100006,
              24.817365169000027
            ],
            [
              104.59032842100004,
              24.814261637000072
            ],
            [
              104.63072638500006,
              24.806927793000057
            ],
            [
              104.66304475600003,
              24.793725778000066
            ],
            [
              104.75030435700006,
              24.779055223000057
            ],
            [
              104.81170926300007,
              24.783456571000045
            ],
            [
              104.85857090000007,
              24.79812660500005
            ],
            [
              104.90058478200007,
              24.846525401000065
            ],
            [
              104.94421458300008,
              24.874382792000063
            ],
            [
              105.01854683700009,
              24.87584879700006
            ],
            [
              105.08318357800005,
              24.911027688000047
            ],
            [
              105.15105215900007,
              25.009182318000057
            ],
            [
              105.22053665600004,
              25.044323130000066
            ],
            [
              105.38697626700008,
              25.028218173000027
            ],
            [
              105.48069954400006,
              25.000395542000035
            ],
            [
              105.52594526300004,
              24.91249325800004
            ],
            [
              105.57765465600005,
              24.88904205500006
            ],
            [
              105.64067548000008,
              24.897836778000055
            ],
            [
              105.78126039400007,
              24.86118796900007
            ],
            [
              105.81034692800006,
              24.827461466000045
            ],
            [
              105.93962041400005,
              24.812794904000043
            ],
            [
              105.97355470300005,
              24.784923652000032
            ],
            [
              106.03495960800007,
              24.780522356000063
            ],
            [
              106.06404614100006,
              24.795192736000047
            ],
            [
              106.11898737300004,
              24.81719505500007
            ],
            [
              106.18362411500004,
              24.849458053000035
            ],
            [
              106.23048575200005,
              24.881712642000025
            ],
            [
              106.21917432300006,
              24.909562101000063
            ],
            [
              106.25634044800006,
              25.05603449700004
            ],
            [
              106.30481800600006,
              25.057498339000063
            ],
            [
              106.39046168900006,
              25.077990294000074
            ],
            [
              106.43409149000007,
              25.105795319000038
            ],
            [
              106.59245150800007,
              25.173086561000048
            ],
            [
              106.64254498400004,
              25.22279971100005
            ],
            [
              106.74111601500005,
              25.268108706000078
            ],
            [
              106.90400060700006,
              25.288097752000056
            ],
            [
              106.96191512600006,
              25.302123186000074
            ],
            [
              106.99707751500006,
              25.318016716000045
            ],
            [
              107.03430827800008,
              25.364750301000072
            ],
            [
              107.10049630200007,
              25.432014922000064
            ],
            [
              107.12738518800006,
              25.47216895200006
            ],
            [
              107.16047919800008,
              25.56549857400006
            ],
            [
              107.24528260400007,
              25.607473207000055
            ],
            [
              107.30836806600007,
              25.62146147800007
            ],
            [
              107.37455609000006,
              25.62146147800007
            ],
            [
              107.39420565900008,
              25.607473207000055
            ],
            [
              107.41282104100009,
              25.53284146200008
            ],
            [
              107.42523129500006,
              25.49924201300007
            ],
            [
              107.47073556200007,
              25.461898267000038
            ],
            [
              107.49659025800008,
              25.433882849000042
            ],
            [
              107.54209452400005,
              25.40399255400007
            ],
            [
              107.59897485800008,
              25.391847504000054
            ],
            [
              107.64241074900008,
              25.40772924500004
            ],
            [
              107.68642837000004,
              25.40539382600008
            ],
            [
              107.77368797200006,
              25.357215731000053
            ],
            [
              107.84317247000007,
              25.285643135000043
            ],
            [
              107.88841818900005,
              25.25495622300008
            ],
            [
              107.90942513100003,
              25.281259764000026
            ],
            [
              107.99991657000004,
              25.313400795000064
            ],
            [
              108.02900310200005,
              25.31924370200005
            ],
            [
              108.07263290500003,
              25.316322284000023
            ],
            [
              108.12111046100006,
              25.317783002000056
            ],
            [
              108.13888556500007,
              25.329468114000065
            ],
            [
              108.16958801800007,
              25.383497075000037
            ],
            [
              108.18736312100003,
              25.440420362000054
            ],
            [
              108.25846353800006,
              25.51627624300005
            ],
            [
              108.29239782700006,
              25.567306118000033
            ],
            [
              108.32310028000006,
              25.62122835200006
            ],
            [
              108.49438764800004,
              25.587711983000077
            ],
            [
              108.64305215500008,
              25.507526084000062
            ],
            [
              108.67860236200005,
              25.52648395500006
            ],
            [
              108.80141217300007,
              25.663474723000036
            ],
            [
              108.84019421700003,
              25.673669880000034
            ],
            [
              108.94038116800004,
              25.670757067000068
            ],
            [
              109.01471342200006,
              25.67512626100006
            ],
            [
              109.06803873400008,
              25.702794099000073
            ],
            [
              109.08419791900008,
              25.750833484000054
            ],
            [
              109.05834322300007,
              25.801763123000057
            ],
            [
              109.04379995600004,
              25.848308221000025
            ],
            [
              109.05995914100004,
              25.88756640500003
            ],
            [
              109.12782771900004,
              25.92099827000004
            ],
            [
              109.25376837300007,
              25.901648915000067
            ],
            [
              109.31436531900005,
              25.881206011000074
            ],
            [
              109.38253688300006,
              25.94706491100004
            ],
            [
              109.52392975600009,
              26.078672201000074
            ],
            [
              109.53818465300009,
              26.125609403000055
            ]
          ]
        ]
      }
    },
    {
      "type": "Feature",
      "properties": {
        "shapeName": "Hunan Province",
        "shapeISO": "CHN",
        "shapeID": "43563684B64987462919315",
        "shapeGroup": "CHN",
        "shapeType": "ADM1"
      },
      "geometry": {
        "type": "Polygon",
        "coordinates": [
          [
            [
              112.00096129100007,
              24.85742471100008
            ],
            [
              112.00254682900004,
              24.857199923000053
            ],
            [
              112.1775710070001,
              24.891240795000044
            ],
            [
              112.23311820700008,
              24.978242759000068
            ],
            [
              112.240692824,
              25.065183224000066
            ],
            [
              112.23564308000005,
              25.115489007000065
            ],
            [
              112.25584206200006,
              25.19090886500004
            ],
            [
              112.2836156620001,
              25.245730366000032
            ],
            [
              112.28866540600006,
              25.26399870800003
            ],
            [
              112.664871446,
              25.25714840200004
            ],
            [
              112.72799326400002,
              25.16577409300004
            ],
            [
              112.90220948300009,
              25.02858421800005
            ],
            [
              112.995629774,
              25.02858421800005
            ],
            [
              113.01077901100007,
              25.06060894500007
            ],
            [
              113.03602773800003,
              25.104057690000047
            ],
            [
              113.0612764660001,
              25.172629546000053
            ],
            [
              113.06632621100005,
              25.23659516500004
            ],
            [
              113.06632621100005,
              25.26628205800006
            ],
            [
              113.03350286700004,
              25.31194002500007
            ],
            [
              113.01330388400004,
              25.33932654800003
            ],
            [
              113.0082541380001,
              25.366706875000034
            ],
            [
              113.01077901100007,
              25.398642752000057
            ],
            [
              113.048652102,
              25.453370304000032
            ],
            [
              113.14207239300003,
              25.48528322900006
            ],
            [
              113.27841552100006,
              25.567306118000033
            ],
            [
              113.34658708500001,
              25.585525807000067
            ],
            [
              113.47283072200003,
              25.510351726000067
            ],
            [
              113.55110177800009,
              25.460209502000055
            ],
            [
              113.6369474500001,
              25.43057017800004
            ],
            [
              113.76066621600012,
              25.41460752200004
            ],
            [
              113.86166112500007,
              25.451090487000045
            ],
            [
              113.94245705300011,
              25.49212061000003
            ],
            [
              114.02577785300002,
              25.53085842400003
            ],
            [
              114.04385854500003,
              25.54367680300004
            ],
            [
              114.03351027600002,
              25.559476494000023
            ],
            [
              114.04534561600008,
              25.666199964000043
            ],
            [
              113.97827868500008,
              25.77993312800004
            ],
            [
              114.11635766200004,
              25.978703832000065
            ],
            [
              114.11635766200004,
              26.13818729600007
            ],
            [
              114.2544366410001,
              26.247927187000073
            ],
            [
              114.2544366410001,
              26.308063186000027
            ],
            [
              114.17947948100004,
              26.297453216000065
            ],
            [
              114.10057720900011,
              26.262079637000056
            ],
            [
              114.02956516100005,
              26.290379363000056
            ],
            [
              114.07122556200011,
              26.45000168000007
            ],
            [
              114.14949661700007,
              26.53361265700005
            ],
            [
              114.16212098100004,
              26.67583714500006
            ],
            [
              113.99042963500005,
              26.76604650200005
            ],
            [
              113.91973319800002,
              26.85618427600008
            ],
            [
              113.91720832500005,
              26.939497842000037
            ],
            [
              113.99800425300009,
              27.056483162000063
            ],
            [
              113.87176061600007,
              27.198052070000074
            ],
            [
              113.8591362520001,
              27.260913997000046
            ],
            [
              113.94277266200004,
              27.364110030000063
            ],
            [
              113.93882754900005,
              27.430659718000072
            ],
            [
              113.863870388,
              27.49716931000006
            ],
            [
              113.75735232000011,
              27.423656375000064
            ],
            [
              113.713956069,
              27.469170164000047
            ],
            [
              113.67845004600008,
              27.616086197000072
            ],
            [
              113.690285388,
              27.759314394000057
            ],
            [
              113.72184629800006,
              27.857020660000046
            ],
            [
              113.80074857000011,
              27.930242633000034
            ],
            [
              113.83230948000005,
              28.003415032000078
            ],
            [
              113.844144819,
              28.069575841000074
            ],
            [
              113.95066288900011,
              28.114820309000038
            ],
            [
              114.02167493400009,
              28.125258631000065
            ],
            [
              114.09663209400003,
              28.180912508000063
            ],
            [
              114.17158925500007,
              28.309501166000075
            ],
            [
              114.21893061800006,
              28.365059011000028
            ],
            [
              114.3175584600001,
              28.458746934000033
            ],
            [
              114.31361334500002,
              28.55581715200003
            ],
            [
              114.2347110720001,
              28.683951328000035
            ],
            [
              114.23897810800008,
              28.865983726000024
            ],
            [
              114.04022012500002,
              29.164149004000024
            ],
            [
              114.0489992570001,
              29.19659834600003
            ],
            [
              113.97719930200003,
              29.200830111000073
            ],
            [
              113.957808279,
              29.213524360000065
            ],
            [
              113.89640337300011,
              29.226217039000062
            ],
            [
              113.87539643200012,
              29.231857723000076
            ],
            [
              113.84630989900006,
              29.200830111000073
            ],
            [
              113.82207112000003,
              29.20506170300007
            ],
            [
              113.8026800990001,
              29.255827168000053
            ],
            [
              113.79298458700009,
              29.323475276000067
            ],
            [
              113.7404672340001,
              29.381134530000054
            ],
            [
              113.72784287000002,
              29.473497252000072
            ],
            [
              113.75561647000006,
              29.54381243100005
            ],
            [
              113.803589052,
              29.616273767000052
            ],
            [
              113.81368854300001,
              29.686489592000044
            ],
            [
              113.77787510200005,
              29.745870461000038
            ],
            [
              113.73948604800012,
              29.783791327000074
            ],
            [
              113.724262801,
              29.812509698000042
            ],
            [
              113.71301083800006,
              29.83834918100007
            ],
            [
              113.70242075400006,
              29.874513231000037
            ],
            [
              113.69911135300003,
              29.936478246000036
            ],
            [
              113.64351341300005,
              29.935331095000038
            ],
            [
              113.5958425230001,
              29.89526665900007
            ],
            [
              113.55059680400007,
              29.860237979000033
            ],
            [
              113.53443761800008,
              29.844821463000073
            ],
            [
              113.46656903900009,
              29.81398129200005
            ],
            [
              113.33891147300005,
              29.720000361000075
            ],
            [
              113.31628861200011,
              29.649807934000023
            ],
            [
              113.25488370700009,
              29.60766896100006
            ],
            [
              113.19024696500003,
              29.596428926000044
            ],
            [
              113.13045798000007,
              29.587998077000066
            ],
            [
              113.0674371560001,
              29.610478775000047
            ],
            [
              113.056125726,
              29.639977084000066
            ],
            [
              113.0464302150001,
              29.696140436000064
            ],
            [
              113.04804613300007,
              29.73543611300005
            ],
            [
              113.0625893990001,
              29.80977507700004
            ],
            [
              113.02703919200007,
              29.85743515400003
            ],
            [
              112.90422938100005,
              29.86584339500007
            ],
            [
              112.80081059300005,
              29.812579240000048
            ],
            [
              112.67961670200009,
              29.75507818400007
            ],
            [
              112.5697342420001,
              29.75086949200005
            ],
            [
              112.53903178900009,
              29.746660623000025
            ],
            [
              112.50186566100001,
              29.71298332400005
            ],
            [
              112.45338810600003,
              29.698947779000036
            ],
            [
              112.40006279400006,
              29.693333014000075
            ],
            [
              112.33381013200005,
              29.736839246000045
            ],
            [
              112.25139828500005,
              29.794350774000065
            ],
            [
              112.12050888300007,
              29.900870105000024
            ],
            [
              112.0720313270001,
              29.94288591000003
            ],
            [
              111.94922151700007,
              30.008674996000025
            ],
            [
              111.50807575100004,
              30.059037153000077
            ],
            [
              111.46767778700007,
              30.088403253000024
            ],
            [
              111.44343900900009,
              30.11496507100003
            ],
            [
              111.41112063800006,
              30.135929883000074
            ],
            [
              111.34002022100009,
              30.169464321000078
            ],
            [
              111.28346307200007,
              30.17924305100007
            ],
            [
              111.19458755100004,
              30.189020810000045
            ],
            [
              111.12348713600005,
              30.214159162000044
            ],
            [
              110.90533813000008,
              30.23649897300004
            ],
            [
              110.81969444700007,
              30.19600433000005
            ],
            [
              110.76798505300007,
              30.176449226000045
            ],
            [
              110.67264585900006,
              30.172258343000067
            ],
            [
              110.60154544100004,
              30.158287441000027
            ],
            [
              110.59184993000008,
              30.126146858000027
            ],
            [
              110.60639319800003,
              30.082810382000048
            ],
            [
              110.68557320700006,
              30.01427205500005
            ],
            [
              110.73081892600004,
              29.970886591000067
            ],
            [
              110.74697811200008,
              29.912076054000067
            ],
            [
              110.74213035500009,
              29.86584339500007
            ],
            [
              110.70334831100007,
              29.83220618100006
            ],
            [
              110.55660270600004,
              29.774190430000033
            ],
            [
              110.33693877900004,
              29.767615526000043
            ],
            [
              110.28139157800007,
              29.780764901000055
            ],
            [
              110.23846874100008,
              29.80486760200006
            ],
            [
              110.20817026800006,
              29.84210580900003
            ],
            [
              110.18039666800007,
              29.861814534000075
            ],
            [
              110.13999870400005,
              29.881519369000046
            ],
            [
              110.07940175900006,
              29.89027582400007
            ],
            [
              110.01627994000006,
              29.881519369000046
            ],
            [
              109.92790939400004,
              29.853055581000035
            ],
            [
              109.82186473900003,
              29.796103655000024
            ],
            [
              109.67542212000006,
              29.74569606800003
            ],
            [
              109.53402924700003,
              29.67332785600007
            ],
            [
              109.50120590100005,
              29.592125768000074
            ],
            [
              109.48605666500004,
              29.535025705000066
            ],
            [
              109.41283535600007,
              29.429525478000073
            ],
            [
              109.36738764600005,
              29.352529056000037
            ],
            [
              109.32884620600004,
              29.24048923600003
            ],
            [
              109.34671525100003,
              29.236236752000025
            ],
            [
              109.33744975400003,
              28.612592041000028
            ],
            [
              109.33708917400008,
              28.588246407000042
            ],
            [
              109.38506175400005,
              28.488432166000052
            ],
            [
              109.43808408300004,
              28.412954305000028
            ],
            [
              109.45323331900005,
              28.31297438200005
            ],
            [
              109.41031048300005,
              28.09268770600005
            ],
            [
              109.42293484600003,
              28.05258684300003
            ],
            [
              109.43808408300004,
              27.945578101000024
            ],
            [
              109.46333280900006,
              27.883107307000046
            ],
            [
              109.48605666500004,
              27.842928468000025
            ],
            [
              109.52392975600009,
              27.800501318000045
            ],
            [
              109.54412873800004,
              27.782632297000077
            ],
            [
              109.52372776600004,
              27.697714364000035
            ],
            [
              109.47201837200004,
              27.649057894000066
            ],
            [
              109.38960652600008,
              27.57746492600006
            ],
            [
              109.35082448200006,
              27.535919578000062
            ],
            [
              109.21670324100006,
              27.507258458000024
            ],
            [
              109.16660976500003,
              27.45564962700007
            ],
            [
              109.01794525800005,
              27.35953554500003
            ],
            [
              108.93068565700008,
              27.279137314000025
            ],
            [
              108.91291055300007,
              27.24897296200004
            ],
            [
              108.93553341200004,
              27.207303981000052
            ],
            [
              108.96461994600008,
              27.16993233200003
            ],
            [
              109.03572036300005,
              27.16561941300006
            ],
            [
              109.14075506900008,
              27.22742198800006
            ],
            [
              109.21347140400007,
              27.254719184000066
            ],
            [
              109.34759264300004,
              27.25615569400003
            ],
            [
              109.42354081600007,
              27.271956069000055
            ],
            [
              109.50918450000006,
              27.26046510900005
            ],
            [
              109.59159634500008,
              27.198680866000075
            ],
            [
              109.59644410100009,
              27.10809791500003
            ],
            [
              109.57543716000004,
              26.97568629700004
            ],
            [
              109.49868102900007,
              26.898974594000038
            ],
            [
              109.40526073600006,
              26.815631147000033
            ],
            [
              109.48353179100008,
              26.67583714500006
            ],
            [
              109.42040997400005,
              26.569749908000063
            ],
            [
              109.35728815500005,
              26.49746402100004
            ],
            [
              109.37496226300004,
              26.41834924500006
            ],
            [
              109.42293484600003,
              26.33465457400007
            ],
            [
              109.48100692000008,
              26.257692562000045
            ],
            [
              109.52897950200008,
              26.198804820000078
            ],
            [
              109.53907899300003,
              26.12855357500007
            ],
            [
              109.53818465300009,
              26.125609403000055
            ],
            [
              109.67021457000004,
              26.116935383000055
            ],
            [
              109.68204991200008,
              26.088593486000036
            ],
            [
              109.73728150300008,
              26.042523264000067
            ],
            [
              109.85563491300007,
              26.042523264000067
            ],
            [
              109.93453718500007,
              26.109850554000047
            ],
            [
              109.96609809500006,
              26.173598557000048
            ],
            [
              109.98976877700005,
              26.240850316000035
            ],
            [
              110.00160411800005,
              26.300989980000054
            ],
            [
              110.03316502700005,
              26.336351689000026
            ],
            [
              110.11601241400007,
              26.35049335000008
            ],
            [
              110.15940866300008,
              26.32928021200007
            ],
            [
              110.18702446000009,
              26.286842274000037
            ],
            [
              110.19491468600006,
              26.20899906300008
            ],
            [
              110.20675002800004,
              26.12401978500003
            ],
            [
              110.38033503000008,
              26.113393022000025
            ],
            [
              110.71961480300007,
              26.438839537000035
            ],
            [
              110.83796821400006,
              26.41764261800006
            ],
            [
              110.93265094100008,
              26.407042699000044
            ],
            [
              111.00366298700004,
              26.438839537000035
            ],
            [
              111.03127878100008,
              26.460032556000044
            ],
            [
              111.12995080900004,
              26.469079374000046
            ],
            [
              111.22529000300005,
              26.42422821300005
            ],
            [
              111.28992674500006,
              26.39673016200004
            ],
            [
              111.31739736200007,
              26.37501654600004
            ],
            [
              111.29954651100007,
              26.106307978000075
            ],
            [
              111.32321719200007,
              26.060244725000075
            ],
            [
              111.35477810200007,
              26.024799124000026
            ],
            [
              111.40606458000008,
              26.007072305000065
            ],
            [
              111.51258264900008,
              26.00352662100005
            ],
            [
              111.49680219400005,
              25.907752707000043
            ],
            [
              111.47707662600004,
              25.868711382000072
            ],
            [
              111.43368037600004,
              25.80834941100005
            ],
            [
              111.40606458000008,
              25.747956671000054
            ],
            [
              111.39817435300006,
              25.67331147300007
            ],
            [
              111.37844878500005,
              25.58794540300005
            ],
            [
              111.37844878500005,
              25.545239502000072
            ],
            [
              111.25586318300009,
              25.46843425900005
            ],
            [
              111.24448711600007,
              25.443222045000027
            ],
            [
              111.23207686200004,
              25.40305836300007
            ],
            [
              111.20932472900006,
              25.361012278000032
            ],
            [
              111.14830764500005,
              25.304928078000046
            ],
            [
              111.11004269200004,
              25.27313550200006
            ],
            [
              111.06660680200008,
              25.240399147000062
            ],
            [
              111.05212817100005,
              25.145881961000043
            ],
            [
              111.09866662500008,
              25.073775087000058
            ],
            [
              111.10487175400004,
              25.055039074000035
            ],
            [
              111.23000848500004,
              25.14213719600008
            ],
            [
              111.28068369200008,
              25.18425916600006
            ],
            [
              111.31688026800003,
              25.226366580000047
            ],
            [
              111.45442725500004,
              25.212332395000033
            ],
            [
              111.51130758700003,
              25.13277478400005
            ],
            [
              111.51751271500007,
              25.103746743000045
            ],
            [
              111.51854690300007,
              25.057849659000055
            ],
            [
              111.51130758700003,
              25.00256300600006
            ],
            [
              111.51854690300007,
              24.915365724000026
            ],
            [
              111.51234177600008,
              24.86939824600006
            ],
            [
              111.51441015100005,
              24.819659071000046
            ],
            [
              111.52371784200005,
              24.76520462800005
            ],
            [
              111.56301698100009,
              24.754874366000024
            ],
            [
              111.62713662900006,
              24.799945569000045
            ],
            [
              111.65609389100007,
              24.84312343700003
            ],
            [
              111.69849559200009,
              24.886286247000044
            ],
            [
              111.76882036800004,
              24.89097694900005
            ],
            [
              111.91360667200007,
              24.86939824600006
            ],
            [
              111.96945281600006,
              24.861891727000057
            ],
            [
              112.00096129100007,
              24.85742471100008
            ]
          ]
        ]
      }
    }
  ]
}