{
  "type": "FeatureCollection",
  "features": [
    {
      "type": "Feature",
      "properties": {
        "shapeName": "Xinjiang Uyghur Autonomous Region",
        "shapeISO": "CHN",
        "shapeID": "43563684B50492231896073",
        "shapeGroup": "CHN",
        "shapeType": "ADM1"
      },
      "geometry": {
        "type": "Polygon",
        "coordinates": [
          [
            [
              89.82024837300008,
              36.29902461800003
            ],
            [
              89.97620719200006,
              36.30054030500003
            ],
            [
              90.31943208000007,
              36.185995916000024
            ],
            [
              90.57586446800008,
              36.217830638000066
            ],
            [
              90.77422478200003,
              36.31332321600007
            ],
            [
              90.89380275500008,
              36.367991895000046
            ],
            [
              91.05216277300008,
              36.40311577700004
            ],
            [
              91.07963338900004,
              36.442123699000035
            ],
            [
              91.08932890000006,
              36.50319670300007
            ],
            [
              91.01338072700008,
              36.538259425000035
            ],
            [
              90.91319377700006,
              36.529170616000044
            ],
            [
              90.79038396600004,
              36.526573616000064
            ],
            [
              90.70797212200006,
              36.68742258200007
            ],
            [
              90.67242191300005,
              36.822069320000026
            ],
            [
              90.86259532800005,
              36.950103666000075
            ],
            [
              90.98631409200004,
              36.980364285000064
            ],
            [
              91.14790594700008,
              37.09121693900005
            ],
            [
              91.11255772900006,
              37.26623498300006
            ],
            [
              91.23627649300005,
              37.38469449400003
            ],
            [
              91.17946685700008,
              37.45550514700005
            ],
            [
              90.33915764800008,
              37.833483744000034
            ],
            [
              90.23263957900008,
              38.40765805800004
            ],
            [
              90.69421787700009,
              38.688430433000065
            ],
            [
              91.45956992600009,
              38.783827657000074
            ],
            [
              91.86591663400009,
              38.857596038000054
            ],
            [
              92.12629413400003,
              38.919011298000044
            ],
            [
              92.434013,
              39.07844236400007
            ],
            [
              92.63427631000008,
              39.024638795000044
            ],
            [
              92.64618733400005,
              39.03463173800003
            ],
            [
              92.61770735400006,
              39.04359751800007
            ],
            [
              92.88893391800008,
              39.22051509500005
            ],
            [
              92.91926198000004,
              39.45412675500006
            ],
            [
              92.88501839400004,
              40.04957598800007
            ],
            [
              92.94814021100007,
              40.41965496800003
            ],
            [
              93.40514217800006,
              40.45616734400005
            ],
            [
              93.63490559600007,
              40.60968608200005
            ],
            [
              93.67277868800005,
              40.71693985100006
            ],
            [
              93.70828471100003,
              40.78149608900003
            ],
            [
              94.09490585000003,
              41.109281843000076
            ],
            [
              94.47316334800007,
              41.326506219000066
            ],
            [
              94.63538642000003,
              41.541827700000056
            ],
            [
              94.89181880900009,
              41.67162063400008
            ],
            [
              95.18375722000007,
              41.733475198000065
            ],
            [
              95.50725654000007,
              41.921617250000054
            ],
            [
              96.05168222500004,
              42.00375549300003
            ],
            [
              96.36729131700008,
              42.223246817000074
            ],
            [
              96.28444392900008,
              42.40120571400007
            ],
            [
              96.40396180600004,
              42.65992465800008
            ],
            [
              96.34454430800008,
              42.80276187800007
            ],
            [
              95.94362791100008,
              43.12390013700008
            ],
            [
              95.54812930300005,
              43.874510730000054
            ],
            [
              95.33141773700004,
              43.99155949100003
            ],
            [
              95.37476005200006,
              44.17447266000005
            ],
            [
              94.95433961400005,
              44.210055415000056
            ],
            [
              94.69775312100006,
              44.29449774300008
            ],
            [
              94.54865556300007,
              44.40111881100006
            ],
            [
              94.29900383900008,
              44.48528653300008
            ],
            [
              93.96613487300004,
              44.59264055800003
            ],
            [
              93.51645837500007,
              44.87743834100007
            ],
            [
              92.99635061900005,
              44.94650139200007
            ],
            [
              92.10241541000005,
              44.90430605500006
            ],
            [
              90.84548833000008,
              45.130263789000026
            ],
            [
              90.71004359900007,
              45.229555342000026
            ],
            [
              90.69379023300007,
              45.51879941400006
            ],
            [
              91.04052873900008,
              45.949892014000056
            ],
            [
              90.92523818600006,
              46.22239589800006
            ],
            [
              91.06761768400008,
              46.47102122500007
            ],
            [
              91.05136431600005,
              46.67585845200006
            ],
            [
              90.59627002800005,
              47.10903058300005
            ],
            [
              90.47166087700003,
              47.388533632000076
            ],
            [
              90.42290077500007,
              47.50211804200006
            ],
            [
              90.10325121700004,
              47.79774587800006
            ],
            [
              89.83236176000008,
              47.77954570000003
            ],
            [
              89.44228094000005,
              48.008402302000036
            ],
            [
              89.31767179200006,
              47.90681312800007
            ],
            [
              88.92759097200008,
              47.90318124800007
            ],
            [
              88.60209020000008,
              48.34136575700006
            ],
            [
              88.10278675400008,
              48.516225131000056
            ],
            [
              88.07851505800005,
              48.67216842700003
            ],
            [
              87.80459163800003,
              48.841324720000046
            ],
            [
              87.92595011700007,
              49.00536271800007
            ],
            [
              87.93635227200008,
              49.14845414000007
            ],
            [
              87.65896146700004,
              49.13711273700005
            ],
            [
              87.53760299000004,
              49.05310566300005
            ],
            [
              87.28795126700004,
              49.15072211000006
            ],
            [
              86.82332167000004,
              49.050833228000045
            ],
            [
              86.80381762800005,
              48.799660033000066
            ],
            [
              86.70629742500006,
              48.577914657000065
            ],
            [
              86.26745650400005,
              48.434334714000045
            ],
            [
              85.77443769200005,
              48.434334714000045
            ],
            [
              85.56314391500007,
              47.943117906000055
            ],
            [
              85.59023286200005,
              47.49845785700006
            ],
            [
              85.76901990400006,
              47.278379674000064
            ],
            [
              85.57939728300005,
              47.09059050700006
            ],
            [
              85.23265877800003,
              47.01676633300008
            ],
            [
              84.92926258600005,
              46.857698242000026
            ],
            [
              84.68047770900006,
              47.03670893200007
            ],
            [
              83.94885946300008,
              47.024891995000075
            ],
            [
              83.25618157700006,
              47.25586166100004
            ],
            [
              83.05080673500004,
              47.251320133000036
            ],
            [
              82.99532857400004,
              46.95393542700003
            ],
            [
              82.76994854600008,
              46.585825389000036
            ],
            [
              82.73180731000008,
              46.50712868000005
            ],
            [
              82.53069897700004,
              46.16479094400006
            ],
            [
              82.50989466700008,
              45.99402272800006
            ],
            [
              82.33999279900007,
              45.56843063000008
            ],
            [
              82.61738360400005,
              45.43476679300005
            ],
            [
              82.63818791400007,
              45.371469785000045
            ],
            [
              82.60698144800006,
              45.22512910100005
            ],
            [
              82.49255774200003,
              45.176264942000046
            ],
            [
              82.30878633400005,
              45.25442745400005
            ],
            [
              81.94471090400003,
              45.20558847400008
            ],
            [
              81.67078748500006,
              45.39338831400005
            ],
            [
              80.07925774700004,
              45.08575561300006
            ],
            [
              79.88855156900007,
              44.921494806000055
            ],
            [
              79.97176881000007,
              44.83549964300005
            ],
            [
              80.20061622300005,
              44.84779253600004
            ],
            [
              80.43293102100006,
              44.75183841900008
            ],
            [
              80.29770300400008,
              44.55203922100003
            ],
            [
              80.36705070500005,
              44.25229173500003
            ],
            [
              80.30463777500006,
              44.14291190600005
            ],
            [
              80.70685444100008,
              43.53015318700005
            ],
            [
              80.66746494500006,
              43.35251189300004
            ],
            [
              80.78507864700003,
              43.18122672000004
            ],
            [
              80.42336103900004,
              43.04839250600003
            ],
            [
              80.50546871700004,
              42.91201951100004
            ],
            [
              80.26996392300003,
              42.83852668000003
            ],
            [
              80.16702592900003,
              42.655511482000065
            ],
            [
              80.23745719000004,
              42.51190537300005
            ],
            [
              80.21578603200004,
              42.423983270000065
            ],
            [
              80.23745719000004,
              42.31190383500007
            ],
            [
              80.25371055700003,
              42.15144354600005
            ],
            [
              80.13451919600004,
              42.026806313000066
            ],
            [
              79.88633244300007,
              42.047897661000036
            ],
            [
              79.50908094900007,
              41.856454840000026
            ],
            [
              79.19396499500004,
              41.79857902200007
            ],
            [
              78.46692369700008,
              41.49335353500004
            ],
            [
              78.06470703200006,
              41.10521778900005
            ],
            [
              77.89480516400005,
              41.11305538200003
            ],
            [
              77.45097987800006,
              41.05032844600004
            ],
            [
              77.04529582700007,
              41.10521778900005
            ],
            [
              76.79911148900004,
              41.07647194500004
            ],
            [
              76.52518806900008,
              40.63325146200003
            ],
            [
              76.30327542600008,
              40.44616247400006
            ],
            [
              76.01894985100006,
              40.475182293000046
            ],
            [
              75.85945013900005,
              40.34845837900008
            ],
            [
              75.71381996800005,
              40.38808523500006
            ],
            [
              75.64793965100006,
              40.57533609700005
            ],
            [
              75.57165718000005,
              40.69111663500007
            ],
            [
              75.21451652000007,
              40.53581957800003
            ],
            [
              74.82963677900005,
              40.58850308600006
            ],
            [
              74.79843031400003,
              40.40921003100004
            ],
            [
              74.44584059700003,
              40.33474866900008
            ],
            [
              74.35915597100006,
              40.18591032000006
            ],
            [
              74.05575977900008,
              40.18177124700003
            ],
            [
              73.89322610500005,
              40.053334792000044
            ],
            [
              73.84446600200005,
              39.92881055700008
            ],
            [
              73.89864389300004,
              39.79157179900005
            ],
            [
              73.82821263500006,
              39.578935999000066
            ],
            [
              73.62775443600003,
              39.53298755700007
            ],
            [
              73.60608328100005,
              39.340509919000056
            ],
            [
              73.77945253200005,
              39.09706330100005
            ],
            [
              73.70902127400007,
              38.92024775400006
            ],
            [
              73.89322610500005,
              38.59070460100003
            ],
            [
              74.07201314700006,
              38.73031238200008
            ],
            [
              74.31039586800006,
              38.742990501000065
            ],
            [
              74.78716131200008,
              38.56105585200004
            ],
            [
              74.82508583700007,
              38.48476003600007
            ],
            [
              74.77090794600008,
              38.26814963500004
            ],
            [
              74.88468151700005,
              38.07648470000004
            ],
            [
              74.95511277500003,
              37.60585193700007
            ],
            [
              75.10139308300006,
              37.53285010700006
            ],
            [
              75.10139308300006,
              37.39093653300006
            ],
            [
              74.44584059700003,
              37.24875379700006
            ],
            [
              74.54336080200005,
              37.08469527200003
            ],
            [
              74.93344162000005,
              36.98522378200005
            ],
            [
              75.15557097400006,
              37.01118542700004
            ],
            [
              75.35061138300006,
              36.94626469700006
            ],
            [
              75.47457039900007,
              36.74300899200006
            ],
            [
              75.66180919200008,
              36.79022910100008
            ],
            [
              75.84558060000006,
              36.69575981300005
            ],
            [
              75.97734123100008,
              36.30275099000005
            ],
            [
              75.94960215200007,
              36.11530396100005
            ],
            [
              76.21154783500003,
              35.82997110800005
            ],
            [
              76.51831987400004,
              35.82997110800005
            ],
            [
              76.68468778200008,
              35.677123891000065
            ],
            [
              76.96207858500003,
              35.586941366000076
            ],
            [
              77.26027370100007,
              35.493834132000075
            ],
            [
              77.70063160000007,
              35.45430145000006
            ],
            [
              77.90867470500007,
              35.451476945000024
            ],
            [
              78.04737010700006,
              35.530525641000054
            ],
            [
              77.98495717500003,
              35.24502039300006
            ],
            [
              78.28315229100008,
              34.63105382200007
            ],
            [
              78.43571723200006,
              34.55684102600003
            ],
            [
              78.65069510600006,
              34.52256661300004
            ],
            [
              78.80672743300005,
              34.388189372000056
            ],
            [
              78.98356692300007,
              34.35575348300006
            ],
            [
              79.09759731000008,
              34.40659406800006
            ],
            [
              79.20586385200005,
              34.43192124400008
            ],
            [
              79.29473937200004,
              34.42525694100004
            ],
            [
              79.47733817000005,
              34.462570191000054
            ],
            [
              79.77305126600004,
              34.40659406800006
            ],
            [
              79.94272271400007,
              34.66882389400007
            ],
            [
              79.92071519400008,
              34.76494642500006
            ],
            [
              79.87769298000006,
              34.87525048100008
            ],
            [
              79.85320341100004,
              34.914337604000025
            ],
            [
              79.91211075200005,
              34.920307610000066
            ],
            [
              79.99683142300006,
              34.95937328700006
            ],
            [
              80.01668783100007,
              34.97672983500007
            ],
            [
              79.98635251400003,
              35.08508259900003
            ],
            [
              80.11956884000006,
              35.23156794700003
            ],
            [
              80.20540643400005,
              35.34046783300005
            ],
            [
              80.24573976100004,
              35.43321242700006
            ],
            [
              80.26642351900006,
              35.50985686200005
            ],
            [
              80.39356399100006,
              35.45448647400008
            ],
            [
              80.44527338400007,
              35.41762193300008
            ],
            [
              80.80885505800006,
              35.34120599400006
            ],
            [
              80.98499018100006,
              35.306927087000076
            ],
            [
              81.14819795400007,
              35.36888219200006
            ],
            [
              81.31786940200004,
              35.34779642600006
            ],
            [
              81.44067921300007,
              35.322749928000064
            ],
            [
              81.54732983800005,
              35.22248634700003
            ],
            [
              81.59903923200005,
              35.16702430600003
            ],
            [
              81.89630360800004,
              35.252684018000025
            ],
            [
              81.95421812900008,
              35.37083234700003
            ],
            [
              82.00696171000004,
              35.52837531600005
            ],
            [
              82.09900443100008,
              35.61669997700005
            ],
            [
              82.29550012900006,
              35.72172133600003
            ],
            [
              82.43718386700004,
              35.736833029000024
            ],
            [
              82.61092743000006,
              35.67468885200003
            ],
            [
              82.91084191400006,
              35.71752313500008
            ],
            [
              83.06286753200004,
              35.668807842000035
            ],
            [
              83.20868802100006,
              35.684769577000054
            ],
            [
              83.27487604600003,
              35.684769577000054
            ],
            [
              83.70865580800006,
              35.47577174300005
            ],
            [
              83.76094434700008,
              35.46552991000004
            ],
            [
              83.90258671800007,
              35.48978476700006
            ],
            [
              83.92244312600008,
              35.47145955000008
            ],
            [
              84.06143797500005,
              35.49140149700003
            ],
            [
              84.20374222600003,
              35.43479658900003
            ],
            [
              84.33280887300003,
              35.47038146700004
            ],
            [
              84.41289638300003,
              35.51403230400007
            ],
            [
              84.75977592300006,
              35.633302541000035
            ],
            [
              84.93591104600006,
              35.69631884100005
            ],
            [
              85.15244413100004,
              35.78681759300008
            ],
            [
              85.33827476600004,
              35.77239714900003
            ],
            [
              85.47239600600005,
              35.750105864000034
            ],
            [
              85.57904663100004,
              35.748794418000045
            ],
            [
              85.68408133700007,
              35.78681759300008
            ],
            [
              85.95878749100007,
              35.970121852000034
            ],
            [
              86.14138628700005,
              36.10732143800004
            ],
            [
              86.28358711900006,
              36.18561382000007
            ],
            [
              86.46295408000003,
              36.22864131000006
            ],
            [
              87.24021090400004,
              36.345868719000066
            ],
            [
              87.45189623400006,
              36.504495605000045
            ],
            [
              87.83486893300005,
              36.54604898300005
            ],
            [
              88.03039507700004,
              36.54475077800004
            ],
            [
              88.24531224400005,
              36.52787212700008
            ],
            [
              88.38751307800004,
              36.504495605000045
            ],
            [
              88.51840248000008,
              36.45512198500006
            ],
            [
              88.72524005600008,
              36.39531184100008
            ],
            [
              88.80118822700007,
              36.371895331000076
            ],
            [
              88.88683191100006,
              36.360184434000075
            ],
            [
              89.00964172100004,
              36.322437327000046
            ],
            [
              89.18739276000008,
              36.27164514000003
            ],
            [
              89.32312991900005,
              36.22864131000006
            ],
            [
              89.60268383000005,
              36.28076412100006
            ],
            [
              89.82024837300008,
              36.29902461800003
            ]
          ]
        ]
      }
    },
    {
      "type": "Feature",
      "properties": {
        "shapeName": "Tibet Autonomous Region",
        "shapeISO": "CHN",
        "shapeID": "43563684B19802372559419",
        "shapeGroup": "CHN",
        "shapeType": "ADM1"
      },
      "geometry": {
        "type": "Polygon",
        "coordinates": [
          [
            [
              99.12145406400003,
              29.340099191000036
            ],
            [
              99.12145406400003,
              29.36133159700006
            ],
            [
              99.05833224500009,
              29.723771816000067
            ],
            [
              99.06338199100009,
              29.846485861000076
            ],
            [
              99.09873020900005,
              29.975610929000027
            ],
            [
              99.10882970000006,
              30.084907747000045
            ],
            [
              99.00409797900005,
              30.19600433000005
            ],
            [
              98.99601838600006,
              30.33975453800008
            ],
            [
              99.00571389700008,
              30.513925504000042
            ],
            [
              98.98763580900004,
              30.76418420600004
            ],
            [
              98.96996169900007,
              30.809734436000042
            ],
            [
              98.90936475400008,
              30.848760310000046
            ],
            [
              98.85381755200007,
              30.91160194300005
            ],
            [
              98.84119319000007,
              30.957082211000056
            ],
            [
              98.83614344300008,
              31.030671031000054
            ],
            [
              98.80836984400008,
              31.07825705500005
            ],
            [
              98.67960133300005,
              31.21223496300007
            ],
            [
              98.67518280600007,
              31.307605571000067
            ],
            [
              98.78959110300008,
              31.31434666000007
            ],
            [
              98.84876780800005,
              31.391834491000054
            ],
            [
              98.87638360200003,
              31.462528452000072
            ],
            [
              98.83298735300008,
              31.516354722000074
            ],
            [
              98.72646928400007,
              31.593675688000076
            ],
            [
              98.59233542000004,
              31.677647480000076
            ],
            [
              98.51737825900005,
              31.785020647000067
            ],
            [
              98.48187223800005,
              31.842012
            ],
            [
              98.48581735100004,
              31.969277160000047
            ],
            [
              98.44242110000005,
              32.109733660000074
            ],
            [
              98.29645189400009,
              32.21994101700005
            ],
            [
              98.29250678100004,
              32.38666753200005
            ],
            [
              98.17809848600007,
              32.43662562700007
            ],
            [
              98.05974507500008,
              32.50984744500005
            ],
            [
              97.94928189300003,
              32.53645879000004
            ],
            [
              97.70073973400008,
              32.57968541300005
            ],
            [
              97.51531939100005,
              32.692641141000024
            ],
            [
              97.43043593900006,
              32.832427395000025
            ],
            [
              97.21012539800006,
              32.78170891600007
            ],
            [
              97.18992641600005,
              32.720127578000074
            ],
            [
              97.25052336300007,
              32.645748608000076
            ],
            [
              97.23789899800005,
              32.545770900000036
            ],
            [
              97.20002590700005,
              32.456334808000065
            ],
            [
              97.13185434300004,
              32.34548128600005
            ],
            [
              97.13690409000009,
              32.255846458000065
            ],
            [
              96.96521274200006,
              32.052774432000035
            ],
            [
              96.77363802200006,
              31.768251793000047
            ],
            [
              96.65133950100005,
              31.711214959000074
            ],
            [
              96.46197404400004,
              31.805139258000054
            ],
            [
              96.31600483900007,
              31.815196920000062
            ],
            [
              96.15820029400004,
              31.727994145000025
            ],
            [
              96.05957245100007,
              31.727994145000025
            ],
            [
              95.80314006400005,
              31.85541661800005
            ],
            [
              95.60588438100007,
              31.85541661800005
            ],
            [
              95.50725654000007,
              31.992701538000063
            ],
            [
              95.45991517500005,
              32.18989768700004
            ],
            [
              95.29027528900008,
              32.229953253000076
            ],
            [
              95.16797676500005,
              32.27332686900007
            ],
            [
              94.99439176300007,
              32.39666136200003
            ],
            [
              94.91154437800009,
              32.50984744500005
            ],
            [
              94.72612403400007,
              32.59298172300004
            ],
            [
              94.48941721600005,
              32.58965783100007
            ],
            [
              94.26107403800006,
              32.594710098000064
            ],
            [
              94.16765374500005,
              32.605345519000025
            ],
            [
              93.52886094200005,
              32.55002754100008
            ],
            [
              93.28899803200005,
              32.61810636000007
            ],
            [
              93.13498079400006,
              32.645748608000076
            ],
            [
              92.97591381100005,
              32.63299170800008
            ],
            [
              92.82694632100004,
              32.72225178100007
            ],
            [
              92.67040421000007,
              32.728624086000025
            ],
            [
              92.48861337300008,
              32.69250833500007
            ],
            [
              92.32702151700005,
              32.71375466500007
            ],
            [
              92.25127533500006,
              32.745614674000024
            ],
            [
              92.18310377100005,
              32.79868937700007
            ],
            [
              92.04171089800008,
              32.881422677000046
            ],
            [
              91.94576573400008,
              32.945011177000026
            ],
            [
              91.80689773200004,
              32.993731413000035
            ],
            [
              91.70842769500007,
              33.002201754000055
            ],
            [
              91.51653736800006,
              33.002201754000055
            ],
            [
              91.47866427600007,
              33.017022894000036
            ],
            [
              91.44079118500008,
              33.046657700000026
            ],
            [
              91.31202267500004,
              33.061471367000024
            ],
            [
              91.24385111100008,
              33.061471367000024
            ],
            [
              91.15295569400007,
              33.067819317000044
            ],
            [
              91.05448565600005,
              33.09320654100003
            ],
            [
              90.98631409200004,
              33.139730746000055
            ],
            [
              90.85249583700005,
              33.137616544000025
            ],
            [
              90.67322987200004,
              33.14395899700003
            ],
            [
              90.45104107000003,
              33.137616544000025
            ],
            [
              90.41316798000008,
              33.22214488000003
            ],
            [
              90.37529488900003,
              33.28337690700005
            ],
            [
              90.35257103300006,
              33.34667520900007
            ],
            [
              90.28944921600004,
              33.43310851600006
            ],
            [
              90.22885227000006,
              33.50682500700003
            ],
            [
              90.15563096100004,
              33.58047876200004
            ],
            [
              90.00918834100008,
              33.717097626000054
            ],
            [
              89.98898935900007,
              33.75489218400003
            ],
            [
              89.95364114200004,
              33.90171262600006
            ],
            [
              89.91829292200003,
              33.916380797000045
            ],
            [
              89.88546957800008,
              33.95618167600003
            ],
            [
              89.80719852300007,
              33.99177721600006
            ],
            [
              89.72640259400004,
              34.088019805000044
            ],
            [
              89.58975648200004,
              34.22240878900004
            ],
            [
              89.56228586600008,
              34.26515440000003
            ],
            [
              89.55905403000008,
              34.29719935800006
            ],
            [
              89.56551770300007,
              34.367922011000076
            ],
            [
              89.55905403000008,
              34.40792726800004
            ],
            [
              89.58006097100008,
              34.445248254000035
            ],
            [
              89.58167688900005,
              34.48122056400007
            ],
            [
              89.54935851800008,
              34.49453970900004
            ],
            [
              89.50734463600008,
              34.52383433600005
            ],
            [
              89.48148993800004,
              34.56243424500008
            ],
            [
              89.46694667100007,
              34.61564611500006
            ],
            [
              89.46856259000003,
              34.68477057700005
            ],
            [
              89.50411279900004,
              34.73790400300004
            ],
            [
              89.76750752300006,
              34.781713377000074
            ],
            [
              89.79659405600006,
              34.83743712800003
            ],
            [
              89.82083283600008,
              34.946122460000026
            ],
            [
              89.72710955900004,
              35.04408084000005
            ],
            [
              89.74488466200006,
              35.190798388000076
            ],
            [
              89.78043487100007,
              35.329341863000025
            ],
            [
              89.82406467200008,
              35.43868945100007
            ],
            [
              89.91617203000004,
              35.629362370000024
            ],
            [
              89.88708549600005,
              35.86804752000006
            ],
            [
              89.76427568500009,
              35.92040978600005
            ],
            [
              89.59298831900009,
              35.93218652200005
            ],
            [
              89.57198137800003,
              36.01980263400003
            ],
            [
              89.72226180300004,
              36.073370476000036
            ],
            [
              89.84183977700008,
              36.15039191900007
            ],
            [
              89.82024837300008,
              36.29902461800003
            ],
            [
              89.60268383000005,
              36.28076412100006
            ],
            [
              89.32312991900005,
              36.22864131000006
            ],
            [
              89.18739276000008,
              36.27164514000003
            ],
            [
              89.00964172100004,
              36.322437327000046
            ],
            [
              88.88683191100006,
              36.360184434000075
            ],
            [
              88.80118822700007,
              36.371895331000076
            ],
            [
              88.72524005600008,
              36.39531184100008
            ],
            [
              88.51840248000008,
              36.45512198500006
            ],
            [
              88.38751307800004,
              36.504495605000045
            ],
            [
              88.24531224400005,
              36.52787212700008
            ],
            [
              88.03039507700004,
              36.54475077800004
            ],
            [
              87.83486893300005,
              36.54604898300005
            ],
            [
              87.45189623400006,
              36.504495605000045
            ],
            [
              87.24021090400004,
              36.345868719000066
            ],
            [
              86.46295408000003,
              36.22864131000006
            ],
            [
              86.28358711900006,
              36.18561382000007
            ],
            [
              86.14138628700005,
              36.10732143800004
            ],
            [
              85.95878749100007,
              35.970121852000034
            ],
            [
              85.68408133700007,
              35.78681759300008
            ],
            [
              85.57904663100004,
              35.748794418000045
            ],
            [
              85.47239600600005,
              35.750105864000034
            ],
            [
              85.33827476600004,
              35.77239714900003
            ],
            [
              85.15244413100004,
              35.78681759300008
            ],
            [
              84.93591104600006,
              35.69631884100005
            ],
            [
              84.75977592300006,
              35.633302541000035
            ],
            [
              84.41289638300003,
              35.51403230400007
            ],
            [
              84.33280887300003,
              35.47038146700004
            ],
            [
              84.20374222600003,
              35.43479658900003
            ],
            [
              84.06143797500005,
              35.49140149700003
            ],
            [
              83.92244312600008,
              35.47145955000008
            ],
            [
              83.90258671800007,
              35.48978476700006
            ],
            [
              83.76094434700008,
              35.46552991000004
            ],
            [
              83.70865580800006,
              35.47577174300005
            ],
            [
              83.27487604600003,
              35.684769577000054
            ],
            [
              83.20868802100006,
              35.684769577000054
            ],
            [
              83.06286753200004,
              35.668807842000035
            ],
            [
              82.91084191400006,
              35.71752313500008
            ],
            [
              82.61092743000006,
              35.67468885200003
            ],
            [
              82.43718386700004,
              35.736833029000024
            ],
            [
              82.29550012900006,
              35.72172133600003
            ],
            [
              82.09900443100008,
              35.61669997700005
            ],
            [
              82.00696171000004,
              35.52837531600005
            ],
            [
              81.95421812900008,
              35.37083234700003
            ],
            [
              81.89630360800004,
              35.252684018000025
            ],
            [
              81.59903923200005,
              35.16702430600003
            ],
            [
              81.54732983800005,
              35.22248634700003
            ],
            [
              81.44067921300007,
              35.322749928000064
            ],
            [
              81.31786940200004,
              35.34779642600006
            ],
            [
              81.14819795400007,
              35.36888219200006
            ],
            [
              80.98499018100006,
              35.306927087000076
            ],
            [
              80.80885505800006,
              35.34120599400006
            ],
            [
              80.44527338400007,
              35.41762193300008
            ],
            [
              80.39356399100006,
              35.45448647400008
            ],
            [
              80.26642351900006,
              35.50985686200005
            ],
            [
              80.24573976100004,
              35.43321242700006
            ],
            [
              80.20540643400005,
              35.34046783300005
            ],
            [
              80.11956884000006,
              35.23156794700003
            ],
            [
              79.98635251400003,
              35.08508259900003
            ],
            [
              80.01668783100007,
              34.97672983500007
            ],
            [
              79.99683142300006,
              34.95937328700006
            ],
            [
              79.91211075200005,
              34.920307610000066
            ],
            [
              79.85320341100004,
              34.914337604000025
            ],
            [
              79.87769298000006,
              34.87525048100008
            ],
            [
              79.92071519400008,
              34.76494642500006
            ],
            [
              79.94272271400007,
              34.66882389400007
            ],
            [
              79.77305126600004,
              34.40659406800006
            ],
            [
              79.47733817000005,
              34.462570191000054
            ],
            [
              79.29473937200004,
              34.42525694100004
            ],
            [
              79.20586385200005,
              34.43192124400008
            ],
            [
              79.09759731000008,
              34.40659406800006
            ],
            [
              78.98356692300007,
              34.35575348300006
            ],
            [
              78.99396622500007,
              34.353845653000064
            ],
            [
              79.02929020900007,
              34.22385626600004
            ],
            [
              78.97511231900006,
              34.12973048200007
            ],
            [
              78.73672959700008,
              34.048967719000075
            ],
            [
              78.87217432600005,
              33.71613499400007
            ],
            [
              78.88842769300004,
              33.431756406000034
            ],
            [
              79.06721473500005,
              33.255243766000035
            ],
            [
              79.24058398800008,
              33.164585799000065
            ],
            [
              79.16386809300008,
              33.05585401900004
            ],
            [
              79.24015056400003,
              32.858014155000035
            ],
            [
              79.29909611000005,
              32.72101336000003
            ],
            [
              79.30603088100008,
              32.510731150000026
            ],
            [
              79.00090099600004,
              32.33804895600008
            ],
            [
              78.82753174300007,
              32.42882149700006
            ],
            [
              78.76858619600006,
              32.61301335400003
            ],
            [
              78.46692369700008,
              32.51365511700004
            ],
            [
              78.54667355400005,
              32.32046954700007
            ],
            [
              78.52586924400003,
              32.23838718600007
            ],
            [
              78.51893447400005,
              32.03873548100006
            ],
            [
              78.75818404100005,
              31.888710282000034
            ],
            [
              78.76511881300007,
              31.744337820000055
            ],
            [
              78.83793389800007,
              31.584972402000062
            ],
            [
              78.78939050800005,
              31.425333978000026
            ],
            [
              78.85180343800005,
              31.25949548500006
            ],
            [
              79.08065085200008,
              31.001274864000038
            ],
            [
              79.36150904100003,
              31.02504861400007
            ],
            [
              79.59035645400007,
              30.888268629000038
            ],
            [
              79.86427987300004,
              30.900170314000036
            ],
            [
              80.11393159600004,
              30.787044628000046
            ],
            [
              80.20755099300004,
              30.60218523700007
            ],
            [
              80.36705070500005,
              30.515597351000054
            ],
            [
              80.67218059000004,
              30.384075254000038
            ],
            [
              80.89756061900005,
              30.24938067900007
            ],
            [
              81.08826679600008,
              30.16247949500007
            ],
            [
              81.25816866400004,
              29.919349814000043
            ],
            [
              81.69159179500008,
              30.336205066000048
            ],
            [
              81.77134165100006,
              30.195451045000027
            ],
            [
              82.17160791200007,
              30.111689238000054
            ],
            [
              82.41540842400008,
              29.928740876000063
            ],
            [
              82.61586662300004,
              29.924045455000055
            ],
            [
              82.84341376700007,
              29.674871809000024
            ],
            [
              82.98969407300007,
              29.660749100000032
            ],
            [
              83.36893931300006,
              29.41092151600003
            ],
            [
              83.43395278300005,
              29.184131266000065
            ],
            [
              83.69942445000004,
              28.99001659000004
            ],
            [
              83.80778023300007,
              29.032658457000025
            ],
            [
              83.93238938400003,
              29.255057313000066
            ],
            [
              84.07866969000008,
              29.226692788000037
            ],
            [
              84.15993652800006,
              29.080017656000052
            ],
            [
              84.19244326300003,
              28.72904578200007
            ],
            [
              84.60419523600007,
              28.66726618900003
            ],
            [
              84.91300921800007,
              28.524558899000056
            ],
            [
              85.09179626000008,
              28.600693567000064
            ],
            [
              85.17306309700007,
              28.562633117000075
            ],
            [
              85.13513857200007,
              28.43884163000007
            ],
            [
              85.26516551300006,
              28.209922806000066
            ],
            [
              85.56856170500004,
              28.23379150200003
            ],
            [
              85.92071799900003,
              28.05225574900004
            ],
            [
              86.00198483600008,
              27.875202234000028
            ],
            [
              86.16993629900009,
              28.00443210000003
            ],
            [
              86.35955892000004,
              27.860833824000053
            ],
            [
              86.50042143600007,
              27.87041297500008
            ],
            [
              86.70087963500004,
              28.033128839000028
            ],
            [
              87.31952343300009,
              27.747616075000053
            ],
            [
              87.51422522900003,
              27.844966490000047
            ],
            [
              87.75971880100008,
              27.755107663000047
            ],
            [
              88.54699128500005,
              28.016987864000043
            ],
            [
              88.69090130900008,
              28.069287788000054
            ],
            [
              88.91099899400007,
              27.934750936000057
            ],
            [
              88.89406840200007,
              27.78506886100007
            ],
            [
              88.83481133300006,
              27.477576400000032
            ],
            [
              88.93639488100007,
              27.35734552200006
            ],
            [
              89.23268022200006,
              27.702655726000046
            ],
            [
              89.52896556800005,
              27.994565829000067
            ],
            [
              89.97762623000006,
              28.270777430000066
            ],
            [
              90.40935630200005,
              28.211116366000056
            ],
            [
              90.68024576100004,
              27.979615214000034
            ],
            [
              90.88341285300004,
              27.949707767000064
            ],
            [
              91.34053881200003,
              27.979615214000034
            ],
            [
              91.54370590500008,
              27.81502180600006
            ],
            [
              92.06008893200004,
              27.702655726000046
            ],
            [
              92.02093186100007,
              27.440439034000065
            ],
            [
              92.12495341300007,
              27.280305078000026
            ],
            [
              92.01746447500005,
              27.107594661000064
            ],
            [
              92.13188818200007,
              26.888238949000026
            ],
            [
              92.58611562500005,
              26.934617334000052
            ],
            [
              92.78722395800008,
              26.953163350000068
            ],
            [
              93.08888645700006,
              26.90370052800006
            ],
            [
              93.43215757600007,
              26.943890724000028
            ],
            [
              93.73382007500004,
              27.011872261000065
            ],
            [
              93.84824378300004,
              27.17856166300004
            ],
            [
              94.10483027600009,
              27.409662037000032
            ],
            [
              94.25739521900005,
              27.557313303000058
            ],
            [
              94.57292725900004,
              27.66907324700003
            ],
            [
              94.85465229400006,
              27.72184107700008
            ],
            [
              95.13637732800004,
              27.87041297500008
            ],
            [
              95.33683552700006,
              28.047474340000065
            ],
            [
              95.54271151500006,
              28.157392900000048
            ],
            [
              95.86777886300007,
              28.286283840000067
            ],
            [
              96.08449042900008,
              28.181273329000078
            ],
            [
              96.34454430800008,
              28.176497668000025
            ],
            [
              96.60459818500004,
              28.07615960100003
            ],
            [
              96.92966553500008,
              27.87041297500008
            ],
            [
              97.28723961800006,
              27.745818017000033
            ],
            [
              97.41726655800005,
              28.06181792700005
            ],
            [
              97.35225308700007,
              28.276741702000038
            ],
            [
              97.65564927900004,
              28.495994207000024
            ],
            [
              97.75858727300005,
              28.495994207000024
            ],
            [
              97.89403200200007,
              28.333981700000038
            ],
            [
              98.03489452000008,
              28.338750310000023
            ],
            [
              98.15436570600008,
              28.213301262000073
            ],
            [
              98.26400728000004,
              28.287008650000075
            ],
            [
              98.36904198600007,
              28.37661694600007
            ],
            [
              98.50639506300007,
              28.306928135000078
            ],
            [
              98.67445059300007,
              28.38372547800003
            ],
            [
              98.65505957000005,
              28.637896440000077
            ],
            [
              98.66798692000003,
              28.741376626000033
            ],
            [
              98.69707345200004,
              28.854661968000073
            ],
            [
              98.67445059300007,
              28.970651495000027
            ],
            [
              98.82957877500007,
              29.015880494000044
            ],
            [
              98.93622939900007,
              29.13168940500003
            ],
            [
              98.93138164400006,
              29.272743395000077
            ],
            [
              98.98147511800005,
              29.31783964600004
            ],
            [
              99.04772778000006,
              29.33897165600007
            ],
            [
              99.12145406400003,
              29.340099191000036
            ]
          ]
        ]
      }
    },
    {
      "type": "Feature",
      "properties": {
        "shapeName": "Qinghai Province",
        "shapeISO": "CHN",
        "shapeID": "43563684B46172434476792",
        "shapeGroup": "CHN",
        "shapeType": "ADM1"
      },
      "geometry": {
        "type": "Polygon",
        "coordinates": [
          [
            [
              102.32147197400008,
              33.78566620200007
            ],
            [
              101.92083096900006,
              33.78436038000007
            ],
            [
              101.90143994600004,
              33.848802437000074
            ],
            [
              101.81902809900004,
              33.98022076900003
            ],
            [
              101.72530482300004,
              34.04317597800008
            ],
            [
              101.48453295800005,
              34.11812546800007
            ],
            [
              101.13633482900008,
              34.11828600300004
            ],
            [
              101.01430066000006,
              34.192741270000056
            ],
            [
              101.03291604100008,
              34.49928081100006
            ],
            [
              101.19689945600004,
              34.50386184400003
            ],
            [
              101.33102069600005,
              34.39592769800004
            ],
            [
              101.52493092200007,
              34.302538997000056
            ],
            [
              101.69621828800007,
              34.25447003200003
            ],
            [
              101.80610075100009,
              34.25313439100006
            ],
            [
              101.90628770100005,
              34.274502109000025
            ],
            [
              102.00809057000004,
              34.49986677100003
            ],
            [
              101.95476525800007,
              34.63293263300005
            ],
            [
              101.94830158300005,
              34.96201556700004
            ],
            [
              102.05333629000006,
              34.99379253300003
            ],
            [
              102.20038487800008,
              35.030850075000046
            ],
            [
              102.31834693400003,
              35.095660355000064
            ],
            [
              102.41530204700007,
              35.190798388000076
            ],
            [
              102.42661347600006,
              35.268675779000034
            ],
            [
              102.32804244300007,
              35.38337546200006
            ],
            [
              102.41207020900003,
              35.49791229600004
            ],
            [
              102.50579348500008,
              35.536055013000066
            ],
            [
              102.60830331800008,
              35.69295594600004
            ],
            [
              102.74212157400007,
              35.63551880000006
            ],
            [
              102.77746979200003,
              35.65398524700004
            ],
            [
              102.99460884900009,
              35.940690853000035
            ],
            [
              103.01642374900007,
              36.14125773100005
            ],
            [
              103.07792964900005,
              36.29761515000007
            ],
            [
              102.94663626500005,
              36.40945589800003
            ],
            [
              102.90118855600008,
              36.56373485700004
            ],
            [
              102.73202208300006,
              36.62657616600006
            ],
            [
              102.71103407900006,
              36.87389456400007
            ],
            [
              102.54533930600007,
              36.99057452900007
            ],
            [
              102.54518150000007,
              37.12947387200006
            ],
            [
              102.52498251800006,
              37.213973227000054
            ],
            [
              102.40883837200005,
              37.344559651000054
            ],
            [
              102.36591553500006,
              37.494954574000076
            ],
            [
              102.12352775300008,
              37.627052097000046
            ],
            [
              102.12352775300008,
              37.75891526800007
            ],
            [
              102.04778156900005,
              37.76889534500003
            ],
            [
              101.84074200600008,
              37.66703539500003
            ],
            [
              101.59330447600007,
              37.762907459000076
            ],
            [
              101.49735931300006,
              37.760911391000036
            ],
            [
              101.17165072900008,
              37.906482821000054
            ],
            [
              101.12115327400005,
              38.03188191500004
            ],
            [
              100.79544469100006,
              38.23643777600006
            ],
            [
              100.58083050800008,
              38.33552990900006
            ],
            [
              100.45687339600005,
              38.42679035300006
            ],
            [
              100.25481894000006,
              38.497747986000036
            ],
            [
              100.20149362700005,
              38.35089687900006
            ],
            [
              100.03505401500007,
              38.35089687900006
            ],
            [
              99.50664864900006,
              38.79811026100003
            ],
            [
              99.39999802400007,
              38.79685087000007
            ],
            [
              99.13660330000005,
              39.005604867000045
            ],
            [
              98.79564448600007,
              39.08467004400006
            ],
            [
              98.61950936200009,
              38.972949001000075
            ],
            [
              98.48054036700006,
              39.069616833000055
            ],
            [
              98.20906604900006,
              38.83714034900004
            ],
            [
              97.83417294600008,
              39.08341573300004
            ],
            [
              97.12165886700006,
              39.208353818000035
            ],
            [
              96.98597341800007,
              39.108788624000056
            ],
            [
              97.09408224600008,
              38.94907557100004
            ],
            [
              97.08761857300004,
              38.72628945100007
            ],
            [
              96.89694018400007,
              38.49268912600007
            ],
            [
              96.88562875400004,
              38.257060082000066
            ],
            [
              96.69333444700004,
              38.21517481600006
            ],
            [
              96.45013870400004,
              38.125790610000024
            ],
            [
              96.20159654400004,
              38.23742936700006
            ],
            [
              95.85442654100007,
              38.20333567500006
            ],
            [
              95.25476926600004,
              38.339614554000036
            ],
            [
              94.62355108000008,
              38.22503350900007
            ],
            [
              94.36317357900003,
              38.58982228100007
            ],
            [
              93.97655244000003,
              38.534295593000024
            ],
            [
              93.82663812100009,
              38.713061269000036
            ],
            [
              93.30588311800005,
              38.66379111400005
            ],
            [
              93.10073720800006,
              38.89138100200006
            ],
            [
              92.64618733400005,
              39.03463173800003
            ],
            [
              92.63427631000008,
              39.024638795000044
            ],
            [
              92.434013,
              39.07844236400007
            ],
            [
              92.12629413400003,
              38.919011298000044
            ],
            [
              91.86591663400009,
              38.857596038000054
            ],
            [
              91.45956992600009,
              38.783827657000074
            ],
            [
              90.69421787700009,
              38.688430433000065
            ],
            [
              90.23263957900008,
              38.40765805800004
            ],
            [
              90.33915764800008,
              37.833483744000034
            ],
            [
              91.17946685700008,
              37.45550514700005
            ],
            [
              91.23627649300005,
              37.38469449400003
            ],
            [
              91.11255772900006,
              37.26623498300006
            ],
            [
              91.14790594700008,
              37.09121693900005
            ],
            [
              90.98631409200004,
              36.980364285000064
            ],
            [
              90.86259532800005,
              36.950103666000075
            ],
            [
              90.67242191300005,
              36.822069320000026
            ],
            [
              90.70797212200006,
              36.68742258200007
            ],
            [
              90.79038396600004,
              36.526573616000064
            ],
            [
              90.91319377700006,
              36.529170616000044
            ],
            [
              91.01338072700008,
              36.538259425000035
            ],
            [
              91.08932890000006,
              36.50319670300007
            ],
            [
              91.07963338900004,
              36.442123699000035
            ],
            [
              91.05216277300008,
              36.40311577700004
            ],
            [
              90.89380275500008,
              36.367991895000046
            ],
            [
              90.77422478200003,
              36.31332321600007
            ],
            [
              90.57586446800008,
              36.217830638000066
            ],
            [
              90.31943208000007,
              36.185995916000024
            ],
            [
              89.97620719200006,
              36.30054030500003
            ],
            [
              89.82024837300008,
              36.29902461800003
            ],
            [
              89.84183977700008,
              36.15039191900007
            ],
            [
              89.72226180300004,
              36.073370476000036
            ],
            [
              89.57198137800003,
              36.01980263400003
            ],
            [
              89.59298831900009,
              35.93218652200005
            ],
            [
              89.76427568500009,
              35.92040978600005
            ],
            [
              89.88708549600005,
              35.86804752000006
            ],
            [
              89.91617203000004,
              35.629362370000024
            ],
            [
              89.82406467200008,
              35.43868945100007
            ],
            [
              89.78043487100007,
              35.329341863000025
            ],
            [
              89.74488466200006,
              35.190798388000076
            ],
            [
              89.72710955900004,
              35.04408084000005
            ],
            [
              89.82083283600008,
              34.946122460000026
            ],
            [
              89.79659405600006,
              34.83743712800003
            ],
            [
              89.76750752300006,
              34.781713377000074
            ],
            [
              89.50411279900004,
              34.73790400300004
            ],
            [
              89.46856259000003,
              34.68477057700005
            ],
            [
              89.46694667100007,
              34.61564611500006
            ],
            [
              89.48148993800004,
              34.56243424500008
            ],
            [
              89.50734463600008,
              34.52383433600005
            ],
            [
              89.54935851800008,
              34.49453970900004
            ],
            [
              89.58167688900005,
              34.48122056400007
            ],
            [
              89.58006097100008,
              34.445248254000035
            ],
            [
              89.55905403000008,
              34.40792726800004
            ],
            [
              89.56551770300007,
              34.367922011000076
            ],
            [
              89.55905403000008,
              34.29719935800006
            ],
            [
              89.56228586600008,
              34.26515440000003
            ],
            [
              89.58975648200004,
              34.22240878900004
            ],
            [
              89.72640259400004,
              34.088019805000044
            ],
            [
              89.80719852300007,
              33.99177721600006
            ],
            [
              89.88546957800008,
              33.95618167600003
            ],
            [
              89.91829292200003,
              33.916380797000045
            ],
            [
              89.95364114200004,
              33.90171262600006
            ],
            [
              89.98898935900007,
              33.75489218400003
            ],
            [
              90.00918834100008,
              33.717097626000054
            ],
            [
              90.15563096100004,
              33.58047876200004
            ],
            [
              90.22885227000006,
              33.50682500700003
            ],
            [
              90.28944921600004,
              33.43310851600006
            ],
            [
              90.35257103300006,
              33.34667520900007
            ],
            [
              90.37529488900003,
              33.28337690700005
            ],
            [
              90.41316798000008,
              33.22214488000003
            ],
            [
              90.45104107000003,
              33.137616544000025
            ],
            [
              90.67322987200004,
              33.14395899700003
            ],
            [
              90.85249583700005,
              33.137616544000025
            ],
            [
              90.98631409200004,
              33.139730746000055
            ],
            [
              91.05448565600005,
              33.09320654100003
            ],
            [
              91.15295569400007,
              33.067819317000044
            ],
            [
              91.24385111100008,
              33.061471367000024
            ],
            [
              91.31202267500004,
              33.061471367000024
            ],
            [
              91.44079118500008,
              33.046657700000026
            ],
            [
              91.47866427600007,
              33.017022894000036
            ],
            [
              91.51653736800006,
              33.002201754000055
            ],
            [
              91.70842769500007,
              33.002201754000055
            ],
            [
              91.80689773200004,
              32.993731413000035
            ],
            [
              91.94576573400008,
              32.945011177000026
            ],
            [
              92.04171089800008,
              32.881422677000046
            ],
            [
              92.18310377100005,
              32.79868937700007
            ],
            [
              92.25127533500006,
              32.745614674000024
            ],
            [
              92.32702151700005,
              32.71375466500007
            ],
            [
              92.48861337300008,
              32.69250833500007
            ],
            [
              92.67040421000007,
              32.728624086000025
            ],
            [
              92.82694632100004,
              32.72225178100007
            ],
            [
              92.97591381100005,
              32.63299170800008
            ],
            [
              93.13498079400006,
              32.645748608000076
            ],
            [
              93.28899803200005,
              32.61810636000007
            ],
            [
              93.52886094200005,
              32.55002754100008
            ],
            [
              94.16765374500005,
              32.605345519000025
            ],
            [
              94.26107403800006,
              32.594710098000064
            ],
            [
              94.48941721600005,
              32.58965783100007
            ],
            [
              94.72612403400007,
              32.59298172300004
            ],
            [
              94.91154437800009,
              32.50984744500005
            ],
            [
              94.99439176300007,
              32.39666136200003
            ],
            [
              95.16797676500005,
              32.27332686900007
            ],
            [
              95.29027528900008,
              32.229953253000076
            ],
            [
              95.45991517500005,
              32.18989768700004
            ],
            [
              95.50725654000007,
              31.992701538000063
            ],
            [
              95.60588438100007,
              31.85541661800005
            ],
            [
              95.80314006400005,
              31.85541661800005
            ],
            [
              96.05957245100007,
              31.727994145000025
            ],
            [
              96.15820029400004,
              31.727994145000025
            ],
            [
              96.31600483900007,
              31.815196920000062
            ],
            [
              96.46197404400004,
              31.805139258000054
            ],
            [
              96.65133950100005,
              31.711214959000074
            ],
            [
              96.77363802200006,
              31.768251793000047
            ],
            [
              96.96521274200006,
              32.052774432000035
            ],
            [
              97.13690409000009,
              32.255846458000065
            ],
            [
              97.13185434300004,
              32.34548128600005
            ],
            [
              97.20002590700005,
              32.456334808000065
            ],
            [
              97.23789899800005,
              32.545770900000036
            ],
            [
              97.25052336300007,
              32.645748608000076
            ],
            [
              97.18992641600005,
              32.720127578000074
            ],
            [
              97.21012539800006,
              32.78170891600007
            ],
            [
              97.43043593900006,
              32.832427395000025
            ],
            [
              97.52573449000005,
              32.85385347700003
            ],
            [
              97.59390605500005,
              32.93441626500004
            ],
            [
              97.57449609700006,
              33.04387986000006
            ],
            [
              97.52715473200004,
              33.113299561000076
            ],
            [
              97.66128859600008,
              33.27506559400007
            ],
            [
              97.93744655100005,
              33.37395841400007
            ],
            [
              98.07947064400008,
              33.400310871000045
            ],
            [
              98.22938496400008,
              33.38054727800005
            ],
            [
              98.53710382900005,
              33.38713564100004
            ],
            [
              98.65940235100004,
              33.38054727800005
            ],
            [
              98.86060314900004,
              33.439824577000024
            ],
            [
              99.02629792200008,
              33.38054727800005
            ],
            [
              99.17621224100009,
              33.28495992500007
            ],
            [
              99.40108371900004,
              33.225577120000025
            ],
            [
              99.50760178800004,
              33.23217720200006
            ],
            [
              99.66540633500006,
              33.327822397000034
            ],
            [
              99.91789360900003,
              33.33441475400008
            ],
            [
              100.01257633600005,
              33.16945631700003
            ],
            [
              100.29267940500006,
              32.937992190000045
            ],
            [
              100.50177043000008,
              32.76565409300002
            ],
            [
              100.71480656800009,
              32.715879020000045
            ],
            [
              100.99096452400005,
              32.745747401000074
            ],
            [
              101.07775702500004,
              32.88168772300003
            ],
            [
              101.05803145600004,
              33.00418687300004
            ],
            [
              101.07775702500004,
              33.093470952000075
            ],
            [
              101.19611043300006,
              33.22887722300004
            ],
            [
              101.36969543500004,
              33.31133932400007
            ],
            [
              101.49199395900007,
              33.350893462000045
            ],
            [
              101.59456691300005,
              33.33111863800008
            ],
            [
              101.68135941300005,
              33.24207639200006
            ],
            [
              101.77604214100006,
              33.126516148000064
            ],
            [
              101.81943839000007,
              33.16615397400005
            ],
            [
              102.00091362100005,
              33.29815062100005
            ],
            [
              102.17449862100005,
              33.29485313400005
            ],
            [
              102.26918134800007,
              33.20907473600005
            ],
            [
              102.39937009800008,
              33.21567606200006
            ],
            [
              102.42698589500009,
              33.406897737000065
            ],
            [
              102.49799794100005,
              33.505640775000074
            ],
            [
              102.49405282700008,
              33.64369193700003
            ],
            [
              102.37569941700008,
              33.679811692000044
            ],
            [
              102.34808362200005,
              33.75528579000007
            ],
            [
              102.32147197400008,
              33.78566620200007
            ]
          ]
        ]
      }
    },
    {
      "type": "Feature",
      "properties": {
        "shapeName": "Gansu Province",
        "shapeISO": "CHN",
        "shapeID": "43563684B11053367304830",
        "shapeGroup": "CHN",
        "shapeType": "ADM1"
      },
      "geometry": {
        "type": "Polygon",
        "coordinates": [
          [
            [
              105.82575884100004,
              32.994325169000035
            ],
            [
              105.99731375500005,
              33.18596616900004
            ],
            [
              106.07227091400006,
              33.28495992500007
            ],
            [
              106.01309421000008,
              33.45299181400003
            ],
            [
              105.88685057300006,
              33.52208701100005
            ],
            [
              105.89079568600005,
              33.58455418900007
            ],
            [
              106.00914909700003,
              33.656828148000045
            ],
            [
              106.13933784700004,
              33.702789092000046
            ],
            [
              106.54568455300006,
              33.69622474800008
            ],
            [
              106.55357478200006,
              33.96167901800004
            ],
            [
              106.50623341700003,
              34.06959048400006
            ],
            [
              106.62458682600004,
              34.24587668800007
            ],
            [
              106.74294023700008,
              34.40552124300007
            ],
            [
              106.76661091800008,
              34.490107167000076
            ],
            [
              106.62064171300005,
              34.57785568200006
            ],
            [
              106.42733114500004,
              34.636303292000036
            ],
            [
              106.43916648400005,
              34.72389752600003
            ],
            [
              106.57330035000007,
              34.81787695200006
            ],
            [
              106.60486125800008,
              34.97642637700005
            ],
            [
              106.55357478200006,
              35.034592118000035
            ],
            [
              106.57724546300005,
              35.137895711000056
            ],
            [
              106.86523876000007,
              35.20239398500007
            ],
            [
              107.07827489800007,
              35.17337609200007
            ],
            [
              107.28342080800007,
              35.03136177300007
            ],
            [
              107.87913297000006,
              35.12176315000005
            ],
            [
              107.82784649300004,
              35.22173348900003
            ],
            [
              107.82390137900006,
              35.389149399000075
            ],
            [
              107.88307808400003,
              35.41809004500004
            ],
            [
              108.04088263100004,
              35.340891906000024
            ],
            [
              108.24208342700007,
              35.40201319100004
            ],
            [
              108.53796695100004,
              35.379500208000024
            ],
            [
              108.64843013300003,
              35.43737803500005
            ],
            [
              108.68788127000005,
              35.636416575000055
            ],
            [
              108.57741808700007,
              35.751760509000064
            ],
            [
              108.61292411000005,
              35.99152396900007
            ],
            [
              108.76678354400008,
              36.08084951600006
            ],
            [
              108.78256399700007,
              36.42761483900006
            ],
            [
              108.65237524600008,
              36.532295014000056
            ],
            [
              108.54980229000006,
              36.56081960300003
            ],
            [
              108.32887592600008,
              36.703284567000026
            ],
            [
              108.20657740400009,
              36.66215508000005
            ],
            [
              107.94225478800007,
              36.84864298600007
            ],
            [
              107.68582240100005,
              36.914910580000026
            ],
            [
              107.42544489800008,
              37.00002723700004
            ],
            [
              107.33470728600008,
              37.18569155500006
            ],
            [
              107.34676546600008,
              37.21850670500004
            ],
            [
              107.03844503100004,
              37.19370199900004
            ],
            [
              106.88816460300006,
              37.279897464000044
            ],
            [
              106.74919560800004,
              37.28246894700004
            ],
            [
              106.63284947300008,
              37.00940316100008
            ],
            [
              106.71849315500003,
              36.91902358500005
            ],
            [
              106.72980458500007,
              36.869915469000034
            ],
            [
              106.54558987100006,
              36.798781991000055
            ],
            [
              106.53195555800005,
              36.54953780200003
            ],
            [
              106.58245301300008,
              36.391165681000075
            ],
            [
              107.01925599700007,
              36.179500043000075
            ],
            [
              106.97633316000008,
              36.01833227000003
            ],
            [
              106.92583570500005,
              35.85274138400007
            ],
            [
              106.79454232300009,
              35.79746737700003
            ],
            [
              106.66829868600007,
              35.82408559300006
            ],
            [
              106.56174905500006,
              35.77501924100005
            ],
            [
              106.54882170700006,
              35.47949208500006
            ],
            [
              106.36460699300005,
              35.42025567400003
            ],
            [
              106.18039227700007,
              35.51632828400005
            ],
            [
              105.95739551700007,
              35.53342506300004
            ],
            [
              105.83458570600004,
              35.77633025600005
            ],
            [
              105.53564077400006,
              35.83661354000003
            ],
            [
              105.40959912600005,
              35.98058356300004
            ],
            [
              105.39990361700006,
              36.10471034600005
            ],
            [
              105.52958108000007,
              36.23857990500005
            ],
            [
              105.50433235200006,
              36.417583500000035
            ],
            [
              105.35788973300004,
              36.61644393200004
            ],
            [
              105.31749177000006,
              36.85722945800006
            ],
            [
              105.29508352400006,
              36.97481740500007
            ],
            [
              104.99525488700004,
              37.188834486000076
            ],
            [
              104.89662704400007,
              37.317581999000026
            ],
            [
              104.75065783900004,
              37.30816891000006
            ],
            [
              104.75854806700005,
              37.45237334800004
            ],
            [
              104.54273383900005,
              37.57352119500007
            ],
            [
              104.50975933700005,
              37.54607475500006
            ],
            [
              104.30559970500008,
              37.52671813300003
            ],
            [
              103.97938812000007,
              37.623450982000065
            ],
            [
              103.96385423400005,
              37.69372319100006
            ],
            [
              103.63542352300004,
              37.79900673900005
            ],
            [
              103.61767051100009,
              38.05457048000005
            ],
            [
              103.72640770600003,
              38.223871289000044
            ],
            [
              103.73084595900008,
              38.42234087000003
            ],
            [
              104.02155152200004,
              38.46579222200006
            ],
            [
              104.13916522200009,
              38.56476346200003
            ],
            [
              104.15469910700006,
              38.772678916000075
            ],
            [
              104.12141221200005,
              38.87468248700003
            ],
            [
              104.24790241700003,
              39.007585885000026
            ],
            [
              104.21919246900006,
              39.21603787500004
            ],
            [
              103.83431272900003,
              39.454721705000054
            ],
            [
              103.38008528700004,
              39.46810672700008
            ],
            [
              102.83223844900004,
              39.08428006500003
            ],
            [
              102.37454362300008,
              38.94418579400008
            ],
            [
              101.60825152600006,
              38.92260820300004
            ],
            [
              101.39327365300005,
              38.960364679000065
            ],
            [
              101.27884994600004,
              39.035817302000055
            ],
            [
              101.11935023300003,
              39.04389674000004
            ],
            [
              100.91824190000006,
              39.15422309100006
            ],
            [
              100.89743759000004,
              39.37703783100005
            ],
            [
              100.92517667200008,
              39.457398916000045
            ],
            [
              100.88703543500009,
              39.52697023500008
            ],
            [
              100.44039289800008,
              39.53716594500003
            ],
            [
              100.28869480200007,
              39.68325105400004
            ],
            [
              99.97988082200004,
              39.79573458100003
            ],
            [
              99.81734714700008,
              39.97864749300004
            ],
            [
              100.00155197800007,
              40.173492346000046
            ],
            [
              100.43497511000004,
              40.45440801500007
            ],
            [
              100.41872174300005,
              40.75878141600003
            ],
            [
              100.13699670600005,
              40.91454229100003
            ],
            [
              99.05885666700004,
              40.861296863000064
            ],
            [
              98.60918016800008,
              40.56150796900005
            ],
            [
              98.40330418200006,
              40.536807776000046
            ],
            [
              98.23535271800006,
              40.61499379500003
            ],
            [
              97.99696999700006,
              40.84490503500007
            ],
            [
              97.78025843100005,
              40.97592607800004
            ],
            [
              97.42810213600006,
              41.46088059400006
            ],
            [
              97.40101319000007,
              41.67975711300005
            ],
            [
              97.57438244200006,
              41.95835290900004
            ],
            [
              97.40643098000004,
              42.167507931000046
            ],
            [
              97.36665056300006,
              42.54598349100007
            ],
            [
              97.28723961800006,
              42.52787794200003
            ],
            [
              96.40396180600004,
              42.65992465800008
            ],
            [
              96.28444392900008,
              42.40120571400007
            ],
            [
              96.36729131700008,
              42.223246817000074
            ],
            [
              96.05168222500004,
              42.00375549300003
            ],
            [
              95.50725654000007,
              41.921617250000054
            ],
            [
              95.18375722000007,
              41.733475198000065
            ],
            [
              94.89181880900009,
              41.67162063400008
            ],
            [
              94.63538642000003,
              41.541827700000056
            ],
            [
              94.47316334800007,
              41.326506219000066
            ],
            [
              94.09490585000003,
              41.109281843000076
            ],
            [
              93.70828471100003,
              40.78149608900003
            ],
            [
              93.67277868800005,
              40.71693985100006
            ],
            [
              93.63490559600007,
              40.60968608200005
            ],
            [
              93.40514217800006,
              40.45616734400005
            ],
            [
              92.94814021100007,
              40.41965496800003
            ],
            [
              92.88501839400004,
              40.04957598800007
            ],
            [
              92.91926198000004,
              39.45412675500006
            ],
            [
              92.88893391800008,
              39.22051509500005
            ],
            [
              92.61770735400006,
              39.04359751800007
            ],
            [
              92.64618733400005,
              39.03463173800003
            ],
            [
              93.10073720800006,
              38.89138100200006
            ],
            [
              93.30588311800005,
              38.66379111400005
            ],
            [
              93.82663812100009,
              38.713061269000036
            ],
            [
              93.97655244000003,
              38.534295593000024
            ],
            [
              94.36317357900003,
              38.58982228100007
            ],
            [
              94.62355108000008,
              38.22503350900007
            ],
            [
              95.25476926600004,
              38.339614554000036
            ],
            [
              95.85442654100007,
              38.20333567500006
            ],
            [
              96.20159654400004,
              38.23742936700006
            ],
            [
              96.45013870400004,
              38.125790610000024
            ],
            [
              96.69333444700004,
              38.21517481600006
            ],
            [
              96.88562875400004,
              38.257060082000066
            ],
            [
              96.89694018400007,
              38.49268912600007
            ],
            [
              97.08761857300004,
              38.72628945100007
            ],
            [
              97.09408224600008,
              38.94907557100004
            ],
            [
              96.98597341800007,
              39.108788624000056
            ],
            [
              97.12165886700006,
              39.208353818000035
            ],
            [
              97.83417294600008,
              39.08341573300004
            ],
            [
              98.20906604900006,
              38.83714034900004
            ],
            [
              98.48054036700006,
              39.069616833000055
            ],
            [
              98.61950936200009,
              38.972949001000075
            ],
            [
              98.79564448600007,
              39.08467004400006
            ],
            [
              99.13660330000005,
              39.005604867000045
            ],
            [
              99.39999802400007,
              38.79685087000007
            ],
            [
              99.50664864900006,
              38.79811026100003
            ],
            [
              100.03505401500007,
              38.35089687900006
            ],
            [
              100.20149362700005,
              38.35089687900006
            ],
            [
              100.25481894000006,
              38.497747986000036
            ],
            [
              100.45687339600005,
              38.42679035300006
            ],
            [
              100.58083050800008,
              38.33552990900006
            ],
            [
              100.79544469100006,
              38.23643777600006
            ],
            [
              101.12115327400005,
              38.03188191500004
            ],
            [
              101.17165072900008,
              37.906482821000054
            ],
            [
              101.49735931300006,
              37.760911391000036
            ],
            [
              101.59330447600007,
              37.762907459000076
            ],
            [
              101.84074200600008,
              37.66703539500003
            ],
            [
              102.04778156900005,
              37.76889534500003
            ],
            [
              102.12352775300008,
              37.75891526800007
            ],
            [
              102.12352775300008,
              37.627052097000046
            ],
            [
              102.36591553500006,
              37.494954574000076
            ],
            [
              102.40883837200005,
              37.344559651000054
            ],
            [
              102.52498251800006,
              37.213973227000054
            ],
            [
              102.54518150000007,
              37.12947387200006
            ],
            [
              102.54533930600007,
              36.99057452900007
            ],
            [
              102.71103407900006,
              36.87389456400007
            ],
            [
              102.73202208300006,
              36.62657616600006
            ],
            [
              102.90118855600008,
              36.56373485700004
            ],
            [
              102.94663626500005,
              36.40945589800003
            ],
            [
              103.07792964900005,
              36.29761515000007
            ],
            [
              103.01642374900007,
              36.14125773100005
            ],
            [
              102.99460884900009,
              35.940690853000035
            ],
            [
              102.77746979200003,
              35.65398524700004
            ],
            [
              102.74212157400007,
              35.63551880000006
            ],
            [
              102.60830331800008,
              35.69295594600004
            ],
            [
              102.50579348500008,
              35.536055013000066
            ],
            [
              102.41207020900003,
              35.49791229600004
            ],
            [
              102.32804244300007,
              35.38337546200006
            ],
            [
              102.42661347600006,
              35.268675779000034
            ],
            [
              102.41530204700007,
              35.190798388000076
            ],
            [
              102.31834693400003,
              35.095660355000064
            ],
            [
              102.20038487800008,
              35.030850075000046
            ],
            [
              102.05333629000006,
              34.99379253300003
            ],
            [
              101.94830158300005,
              34.96201556700004
            ],
            [
              101.95476525800007,
              34.63293263300005
            ],
            [
              102.00809057000004,
              34.49986677100003
            ],
            [
              101.90628770100005,
              34.274502109000025
            ],
            [
              101.80610075100009,
              34.25313439100006
            ],
            [
              101.69621828800007,
              34.25447003200003
            ],
            [
              101.52493092200007,
              34.302538997000056
            ],
            [
              101.33102069600005,
              34.39592769800004
            ],
            [
              101.19689945600004,
              34.50386184400003
            ],
            [
              101.03291604100008,
              34.49928081100006
            ],
            [
              101.01430066000006,
              34.192741270000056
            ],
            [
              101.13633482900008,
              34.11828600300004
            ],
            [
              101.48453295800005,
              34.11812546800007
            ],
            [
              101.72530482300004,
              34.04317597800008
            ],
            [
              101.81902809900004,
              33.98022076900003
            ],
            [
              101.90143994600004,
              33.848802437000074
            ],
            [
              101.92083096900006,
              33.78436038000007
            ],
            [
              102.32147197400008,
              33.78566620200007
            ],
            [
              102.33289020000007,
              33.785703417000036
            ],
            [
              102.27502011700005,
              33.95199298600005
            ],
            [
              102.27754499000008,
              34.03154282700007
            ],
            [
              102.42651248100003,
              34.13401024900003
            ],
            [
              102.59820382700008,
              34.16326387200007
            ],
            [
              102.75222106500007,
              34.209213377000026
            ],
            [
              102.94916113800008,
              34.31355092900003
            ],
            [
              103.04258143100009,
              34.323977564000074
            ],
            [
              103.13095197700005,
              34.26974492100004
            ],
            [
              103.19912354100006,
              34.24678980500005
            ],
            [
              103.20164841300004,
              34.15699609200004
            ],
            [
              103.18144943000004,
              34.002243656000076
            ],
            [
              103.21679765000005,
              33.90171262600006
            ],
            [
              103.27234485000008,
              33.83672325100002
            ],
            [
              103.46676005100005,
              33.801062916000035
            ],
            [
              103.54503110600007,
              33.614128135000044
            ],
            [
              103.90356303500005,
              33.340347448000045
            ],
            [
              103.97678434400007,
              33.323471168000026
            ],
            [
              104.07525438100004,
              33.32769054500005
            ],
            [
              104.16867467200007,
              33.41625023000006
            ],
            [
              104.23937111000004,
              33.46260263600004
            ],
            [
              104.30249292700006,
              33.46049624600005
            ],
            [
              104.38581372900006,
              33.28337690700005
            ],
            [
              104.43378631000007,
              33.188343331000056
            ],
            [
              104.48933351100004,
              33.13550229100008
            ],
            [
              104.47418427500008,
              32.949248785000066
            ],
            [
              104.67112434700005,
              32.771094481000034
            ],
            [
              104.90341263900007,
              32.754108753000025
            ],
            [
              105.00945729500006,
              32.71375466500007
            ],
            [
              105.08772835000008,
              32.70738129800003
            ],
            [
              105.19882275100008,
              32.65425219600007
            ],
            [
              105.49170799000007,
              32.75835549000004
            ],
            [
              105.48160849800007,
              32.923820085000045
            ],
            [
              105.57755366200007,
              32.99796668500005
            ],
            [
              105.82575884100004,
              32.994325169000035
            ]
          ]
        ]
      }
    },
    {
      "type": "Feature",
      "properties": {
        "shapeName": "Ningxia Ningxia Hui Autonomous Region",
        "shapeISO": "CHN",
        "shapeID": "43563684B64666899633249",
        "shapeGroup": "CHN",
        "shapeType": "ADM1"
      },
      "geometry": {
        "type": "Polygon",
        "coordinates": [
          [
            [
              107.58140655100004,
              37.825796156000024
            ],
            [
              107.50974088200007,
              38.081431724000026
            ],
            [
              107.24621961900004,
              38.23955969200006
            ],
            [
              106.93415496500006,
              38.228665326000055
            ],
            [
              106.63595984900007,
              38.386473815000045
            ],
            [
              107.06619298700008,
              39.11613965300006
            ],
            [
              106.87312898700009,
              39.26405458600004
            ],
            [
              106.87312898700009,
              39.40479966400005
            ],
            [
              106.66009284900008,
              39.432229076000056
            ],
            [
              106.52028788500007,
              39.34304403200008
            ],
            [
              106.38048291900009,
              39.341327817000035
            ],
            [
              106.32056650600003,
              39.241715328000055
            ],
            [
              106.09199648300006,
              39.13163370600006
            ],
            [
              106.09643473500006,
              38.966188174000024
            ],
            [
              105.90558986300005,
              38.75710620500007
            ],
            [
              105.90558986300005,
              38.293571616000065
            ],
            [
              105.45288807000009,
              38.003878531000055
            ],
            [
              105.30198747200006,
              37.88487715000008
            ],
            [
              105.09560871500008,
              37.674404965000065
            ],
            [
              104.59852439500008,
              37.61993562600003
            ],
            [
              104.54273383900005,
              37.57352119500007
            ],
            [
              104.75854806700005,
              37.45237334800004
            ],
            [
              104.75065783900004,
              37.30816891000006
            ],
            [
              104.89662704400007,
              37.317581999000026
            ],
            [
              104.99525488700004,
              37.188834486000076
            ],
            [
              105.29508352400006,
              36.97481740500007
            ],
            [
              105.31749177000006,
              36.85722945800006
            ],
            [
              105.35788973300004,
              36.61644393200004
            ],
            [
              105.50433235200006,
              36.417583500000035
            ],
            [
              105.52958108000007,
              36.23857990500005
            ],
            [
              105.39990361700006,
              36.10471034600005
            ],
            [
              105.40959912600005,
              35.98058356300004
            ],
            [
              105.53564077400006,
              35.83661354000003
            ],
            [
              105.83458570600004,
              35.77633025600005
            ],
            [
              105.95739551700007,
              35.53342506300004
            ],
            [
              106.18039227700007,
              35.51632828400005
            ],
            [
              106.36460699300005,
              35.42025567400003
            ],
            [
              106.54882170700006,
              35.47949208500006
            ],
            [
              106.56174905500006,
              35.77501924100005
            ],
            [
              106.66829868600007,
              35.82408559300006
            ],
            [
              106.79454232300009,
              35.79746737700003
            ],
            [
              106.92583570500005,
              35.85274138400007
            ],
            [
              106.97633316000008,
              36.01833227000003
            ],
            [
              107.01925599700007,
              36.179500043000075
            ],
            [
              106.58245301300008,
              36.391165681000075
            ],
            [
              106.53195555800005,
              36.54953780200003
            ],
            [
              106.54558987100006,
              36.798781991000055
            ],
            [
              106.72980458500007,
              36.869915469000034
            ],
            [
              106.71849315500003,
              36.91902358500005
            ],
            [
              106.63284947300008,
              37.00940316100008
            ],
            [
              106.74919560800004,
              37.28246894700004
            ],
            [
              106.88816460300006,
              37.279897464000044
            ],
            [
              107.03844503100004,
              37.19370199900004
            ],
            [
              107.34676546600008,
              37.21850670500004
            ],
            [
              107.38204864900007,
              37.31444443400005
            ],
            [
              107.31103660300005,
              37.45550514700005
            ],
            [
              107.38599376200006,
              37.67128235500007
            ],
            [
              107.58140655100004,
              37.825796156000024
            ]
          ]
        ]
      }
    },
    {
      "type": "Feature",
      "properties": {
        "shapeName": "Sichuan Province",
        "shapeISO": "CHN",
        "shapeID": "43563684B14397599951889",
        "shapeGroup": "CHN",
        "shapeType": "ADM1"
      },
      "geometry": {
        "type": "Polygon",
        "coordinates": [
          [
            [
              105.36945876100003,
              27.865629813000055
            ],
            [
              105.41091206100003,
              27.871948014000054
            ],
            [
              105.53463082500008,
              27.86971601600004
            ],
            [
              105.61542675400005,
              27.89203391700005
            ],
            [
              105.68359831800007,
              27.874179963000074
            ],
            [
              105.73662064400008,
              27.831765037000025
            ],
            [
              105.77196886400009,
              27.809434727000053
            ],
            [
              105.86538915500006,
              27.82953221200006
            ],
            [
              105.95375970100008,
              27.854090751000058
            ],
            [
              106.07495359100005,
              27.876411869000037
            ],
            [
              106.17847337500007,
              27.89872839000003
            ],
            [
              106.32996573900004,
              27.903191141000036
            ],
            [
              106.36531395700007,
              27.92327124700006
            ],
            [
              106.38803781200005,
              27.965650332000052
            ],
            [
              106.37288857400006,
              28.003554360000066
            ],
            [
              106.32491599400004,
              28.068183402000045
            ],
            [
              106.30471701200008,
              28.14390590100004
            ],
            [
              106.28704290100006,
              28.266284877000032
            ],
            [
              106.19362261100008,
              28.284073770000077
            ],
            [
              106.11282668200005,
              28.304082722000032
            ],
            [
              105.98658304700007,
              28.348533589000056
            ],
            [
              105.87043889900008,
              28.408512753000025
            ],
            [
              105.76691911700004,
              28.47511645800006
            ],
            [
              105.74167039100007,
              28.56829112500003
            ],
            [
              105.76186937300008,
              28.659167840000066
            ],
            [
              105.85528966300006,
              28.705683976000046
            ],
            [
              105.95880944500004,
              28.752179441000067
            ],
            [
              105.97395868300003,
              28.814141204000066
            ],
            [
              106.02445613600008,
              28.85837705600005
            ],
            [
              106.09767744600003,
              28.862799607000056
            ],
            [
              106.16079926400005,
              28.80086678400005
            ],
            [
              106.36783882900005,
              28.66581426700003
            ],
            [
              106.37215745100008,
              28.674813466000046
            ],
            [
              106.38803781200005,
              28.707898516000057
            ],
            [
              106.38046319400007,
              28.774312869000028
            ],
            [
              106.35521446500007,
              28.90259409400005
            ],
            [
              106.27189366600004,
              29.010846213000036
            ],
            [
              106.20372210200009,
              29.03954715800006
            ],
            [
              106.13050079300007,
              29.061619376000067
            ],
            [
              105.87296377200005,
              29.09913130600006
            ],
            [
              105.85276479000004,
              29.18513643500006
            ],
            [
              105.83256580800008,
              29.28868790000007
            ],
            [
              105.76439424600005,
              29.39873390400004
            ],
            [
              105.70127242600006,
              29.400933611000028
            ],
            [
              105.60785213500009,
              29.414130857000032
            ],
            [
              105.50938209800006,
              29.480091376000075
            ],
            [
              105.44626027900006,
              29.609688523000045
            ],
            [
              105.38566333300008,
              29.679908940000075
            ],
            [
              105.37303897000004,
              29.72815704900006
            ],
            [
              105.46898413400004,
              29.824583675000042
            ],
            [
              105.59775264400008,
              29.90997503400007
            ],
            [
              105.84266529900003,
              30.052131357000064
            ],
            [
              105.86033940800007,
              30.113305166000032
            ],
            [
              105.83761555400008,
              30.176623842000026
            ],
            [
              105.76691911700004,
              30.27261589400007
            ],
            [
              105.75429475300007,
              30.33583211800004
            ],
            [
              105.76439424600005,
              30.38594012200008
            ],
            [
              105.81994144600009,
              30.46431847100007
            ],
            [
              105.95880944500004,
              30.523060884000074
            ],
            [
              106.05727948300006,
              30.527410764000024
            ],
            [
              106.16079926400005,
              30.47955139000004
            ],
            [
              106.28199315700004,
              30.42731431800007
            ],
            [
              106.33754035700008,
              30.401185287000033
            ],
            [
              106.49155759300004,
              30.364157187000046
            ],
            [
              106.53700530400005,
              30.388118147000057
            ],
            [
              106.60517686800006,
              30.41425067700004
            ],
            [
              106.66829868600007,
              30.46431847100007
            ],
            [
              106.73899512300005,
              30.38376204700006
            ],
            [
              106.77686821400005,
              30.32929439800006
            ],
            [
              106.87028850500008,
              30.24208313300005
            ],
            [
              106.96118392400007,
              30.18535426300008
            ],
            [
              107.15559912500004,
              30.17007551900008
            ],
            [
              107.25911890700007,
              30.24208313300005
            ],
            [
              107.37273818000006,
              30.38158392300005
            ],
            [
              107.51160618200004,
              30.499133071000074
            ],
            [
              107.60297501500008,
              30.61070051400003
            ],
            [
              107.62664569600008,
              30.71929072100005
            ],
            [
              107.63453592300004,
              30.831146428000068
            ],
            [
              107.68976751400004,
              30.89887442500003
            ],
            [
              107.75683444700007,
              30.92933640600006
            ],
            [
              107.97776081100005,
              30.905644593000034
            ],
            [
              108.06455331200004,
              30.922567916000048
            ],
            [
              108.14740069900006,
              30.96655454300003
            ],
            [
              108.19868717600008,
              31.04432741000005
            ],
            [
              108.24997365400009,
              31.176057988000025
            ],
            [
              108.33676615500008,
              31.358151976000045
            ],
            [
              108.48273536000005,
              31.526443700000073
            ],
            [
              108.61292411000005,
              31.633991609000077
            ],
            [
              108.73522263400008,
              31.70450243500005
            ],
            [
              108.75889331500008,
              31.791727337000054
            ],
            [
              108.74311286100004,
              31.831957259000035
            ],
            [
              108.65632036100004,
              31.895618781000053
            ],
            [
              108.58925342800006,
              31.94919436500004
            ],
            [
              108.57741808700007,
              31.999393118000057
            ],
            [
              108.60897899700007,
              32.04956440600006
            ],
            [
              108.68393615600007,
              32.139803431000075
            ],
            [
              108.69577149800006,
              32.23996438800003
            ],
            [
              108.69871478700009,
              32.29969266300003
            ],
            [
              108.59319854200004,
              32.37334070300005
            ],
            [
              108.40383308500009,
              32.37667259400007
            ],
            [
              108.07638865400008,
              32.27332686900007
            ],
            [
              107.76077956000006,
              32.48655605400006
            ],
            [
              107.59902990000006,
              32.50984744500005
            ],
            [
              107.46884115000006,
              32.61292248800004
            ],
            [
              107.42149978500004,
              32.576361028000065
            ],
            [
              107.22818921700008,
              32.58300967500003
            ],
            [
              107.11772603500003,
              32.822032216000025
            ],
            [
              106.88496432800008,
              32.83197758600005
            ],
            [
              106.62458682600004,
              32.759019024000054
            ],
            [
              106.32870330200006,
              32.71255969400005
            ],
            [
              106.18667921000008,
              32.75570130400007
            ],
            [
              106.17484387000007,
              32.86512077300006
            ],
            [
              106.12750250600004,
              32.97109573300003
            ],
            [
              105.81978364100007,
              32.98764285400006
            ],
            [
              105.82575884100004,
              32.994325169000035
            ],
            [
              105.57755366200007,
              32.99796668500005
            ],
            [
              105.48160849800007,
              32.923820085000045
            ],
            [
              105.49170799000007,
              32.75835549000004
            ],
            [
              105.19882275100008,
              32.65425219600007
            ],
            [
              105.08772835000008,
              32.70738129800003
            ],
            [
              105.00945729500006,
              32.71375466500007
            ],
            [
              104.90341263900007,
              32.754108753000025
            ],
            [
              104.67112434700005,
              32.771094481000034
            ],
            [
              104.47418427500008,
              32.949248785000066
            ],
            [
              104.48933351100004,
              33.13550229100008
            ],
            [
              104.43378631000007,
              33.188343331000056
            ],
            [
              104.38581372900006,
              33.28337690700005
            ],
            [
              104.30249292700006,
              33.46049624600005
            ],
            [
              104.23937111000004,
              33.46260263600004
            ],
            [
              104.16867467200007,
              33.41625023000006
            ],
            [
              104.07525438100004,
              33.32769054500005
            ],
            [
              103.97678434400007,
              33.323471168000026
            ],
            [
              103.90356303500005,
              33.340347448000045
            ],
            [
              103.54503110600007,
              33.614128135000044
            ],
            [
              103.46676005100005,
              33.801062916000035
            ],
            [
              103.27234485000008,
              33.83672325100002
            ],
            [
              103.21679765000005,
              33.90171262600006
            ],
            [
              103.18144943000004,
              34.002243656000076
            ],
            [
              103.20164841300004,
              34.15699609200004
            ],
            [
              103.19912354100006,
              34.24678980500005
            ],
            [
              103.13095197700005,
              34.26974492100004
            ],
            [
              103.04258143100009,
              34.323977564000074
            ],
            [
              102.94916113800008,
              34.31355092900003
            ],
            [
              102.75222106500007,
              34.209213377000026
            ],
            [
              102.59820382700008,
              34.16326387200007
            ],
            [
              102.42651248100003,
              34.13401024900003
            ],
            [
              102.27754499000008,
              34.03154282700007
            ],
            [
              102.27502011700005,
              33.95199298600005
            ],
            [
              102.33289020000007,
              33.785703417000036
            ],
            [
              102.32147197400008,
              33.78566620200007
            ],
            [
              102.34808362200005,
              33.75528579000007
            ],
            [
              102.37569941700008,
              33.679811692000044
            ],
            [
              102.49405282700008,
              33.64369193700003
            ],
            [
              102.49799794100005,
              33.505640775000074
            ],
            [
              102.42698589500009,
              33.406897737000065
            ],
            [
              102.39937009800008,
              33.21567606200006
            ],
            [
              102.26918134800007,
              33.20907473600005
            ],
            [
              102.17449862100005,
              33.29485313400005
            ],
            [
              102.00091362100005,
              33.29815062100005
            ],
            [
              101.81943839000007,
              33.16615397400005
            ],
            [
              101.77604214100006,
              33.126516148000064
            ],
            [
              101.68135941300005,
              33.24207639200006
            ],
            [
              101.59456691300005,
              33.33111863800008
            ],
            [
              101.49199395900007,
              33.350893462000045
            ],
            [
              101.36969543500004,
              33.31133932400007
            ],
            [
              101.19611043300006,
              33.22887722300004
            ],
            [
              101.07775702500004,
              33.093470952000075
            ],
            [
              101.05803145600004,
              33.00418687300004
            ],
            [
              101.07775702500004,
              32.88168772300003
            ],
            [
              100.99096452400005,
              32.745747401000074
            ],
            [
              100.71480656800009,
              32.715879020000045
            ],
            [
              100.50177043000008,
              32.76565409300002
            ],
            [
              100.29267940500006,
              32.937992190000045
            ],
            [
              100.01257633600005,
              33.16945631700003
            ],
            [
              99.91789360900003,
              33.33441475400008
            ],
            [
              99.66540633500006,
              33.327822397000034
            ],
            [
              99.50760178800004,
              33.23217720200006
            ],
            [
              99.40108371900004,
              33.225577120000025
            ],
            [
              99.17621224100009,
              33.28495992500007
            ],
            [
              99.02629792200008,
              33.38054727800005
            ],
            [
              98.86060314900004,
              33.439824577000024
            ],
            [
              98.65940235100004,
              33.38054727800005
            ],
            [
              98.53710382900005,
              33.38713564100004
            ],
            [
              98.22938496400008,
              33.38054727800005
            ],
            [
              98.07947064400008,
              33.400310871000045
            ],
            [
              97.93744655100005,
              33.37395841400007
            ],
            [
              97.66128859600008,
              33.27506559400007
            ],
            [
              97.52715473200004,
              33.113299561000076
            ],
            [
              97.57449609700006,
              33.04387986000006
            ],
            [
              97.59390605500005,
              32.93441626500004
            ],
            [
              97.52573449000005,
              32.85385347700003
            ],
            [
              97.43043593900006,
              32.832427395000025
            ],
            [
              97.51531939100005,
              32.692641141000024
            ],
            [
              97.70073973400008,
              32.57968541300005
            ],
            [
              97.94928189300003,
              32.53645879000004
            ],
            [
              98.05974507500008,
              32.50984744500005
            ],
            [
              98.17809848600007,
              32.43662562700007
            ],
            [
              98.29250678100004,
              32.38666753200005
            ],
            [
              98.29645189400009,
              32.21994101700005
            ],
            [
              98.44242110000005,
              32.109733660000074
            ],
            [
              98.48581735100004,
              31.969277160000047
            ],
            [
              98.48187223800005,
              31.842012
            ],
            [
              98.51737825900005,
              31.785020647000067
            ],
            [
              98.59233542000004,
              31.677647480000076
            ],
            [
              98.72646928400007,
              31.593675688000076
            ],
            [
              98.83298735300008,
              31.516354722000074
            ],
            [
              98.87638360200003,
              31.462528452000072
            ],
            [
              98.84876780800005,
              31.391834491000054
            ],
            [
              98.78959110300008,
              31.31434666000007
            ],
            [
              98.67518280600007,
              31.307605571000067
            ],
            [
              98.67960133300005,
              31.21223496300007
            ],
            [
              98.80836984400008,
              31.07825705500005
            ],
            [
              98.83614344300008,
              31.030671031000054
            ],
            [
              98.84119319000007,
              30.957082211000056
            ],
            [
              98.85381755200007,
              30.91160194300005
            ],
            [
              98.90936475400008,
              30.848760310000046
            ],
            [
              98.96996169900007,
              30.809734436000042
            ],
            [
              98.98763580900004,
              30.76418420600004
            ],
            [
              99.00571389700008,
              30.513925504000042
            ],
            [
              98.99601838600006,
              30.33975453800008
            ],
            [
              99.00409797900005,
              30.19600433000005
            ],
            [
              99.10882970000006,
              30.084907747000045
            ],
            [
              99.09873020900005,
              29.975610929000027
            ],
            [
              99.06338199100009,
              29.846485861000076
            ],
            [
              99.05833224500009,
              29.723771816000067
            ],
            [
              99.12145406400003,
              29.36133159700006
            ],
            [
              99.12145406400003,
              29.340099191000036
            ],
            [
              99.12145406400003,
              29.27767676800005
            ],
            [
              99.16245799700005,
              29.05402706500007
            ],
            [
              99.16407391600006,
              28.93247414500007
            ],
            [
              99.20982461000006,
              28.74996584200005
            ],
            [
              99.21487435500006,
              28.535023912000042
            ],
            [
              99.26789668300006,
              28.412954305000028
            ],
            [
              99.31586926300008,
              28.35297765300004
            ],
            [
              99.39161544700005,
              28.246268822000047
            ],
            [
              99.48503573800008,
              28.321865299000024
            ],
            [
              99.50523472000003,
              28.35964340000004
            ],
            [
              99.65925195700004,
              28.375195183000073
            ],
            [
              99.81579406700007,
              28.539460148000046
            ],
            [
              99.89658999500006,
              28.59933103900005
            ],
            [
              99.93698795800003,
              28.637010039000074
            ],
            [
              100.00263465100005,
              28.652520990000028
            ],
            [
              100.07080621500006,
              28.654736654000033
            ],
            [
              100.14150265000006,
              28.61706401600003
            ],
            [
              100.20462447000006,
              28.557203221000066
            ],
            [
              100.17432599700004,
              28.470677516000023
            ],
            [
              100.12382854100008,
              28.38630220300007
            ],
            [
              100.12382854100008,
              28.317419934000043
            ],
            [
              100.15412701500009,
              28.20622544300005
            ],
            [
              100.17685087000007,
              28.14390590100004
            ],
            [
              100.18190061400009,
              28.086005269000054
            ],
            [
              100.50966065600005,
              27.961608308000052
            ],
            [
              100.63195918000008,
              27.975545684000053
            ],
            [
              100.75820281700004,
              27.874458955000023
            ],
            [
              100.89628179700009,
              27.738365909000038
            ],
            [
              100.97912918200007,
              27.672002477000035
            ],
            [
              100.99490963700003,
              27.591613839000047
            ],
            [
              101.01069009200006,
              27.521662724000066
            ],
            [
              101.05014122800009,
              27.455167921000054
            ],
            [
              101.15665929700003,
              27.40614607400005
            ],
            [
              101.24345179800008,
              27.308037135000063
            ],
            [
              101.27264563800009,
              27.04973731700005
            ],
            [
              101.41908825700006,
              26.93724693300004
            ],
            [
              101.49230956800005,
              26.84942642900006
            ],
            [
              101.53018265900005,
              26.797602874000063
            ],
            [
              101.52513291200006,
              26.723205972000073
            ],
            [
              101.51503342100006,
              26.669068563000053
            ],
            [
              101.52260803900003,
              26.63747653300004
            ],
            [
              101.65137654900008,
              26.531353700000068
            ],
            [
              101.65137654900008,
              26.393473381000035
            ],
            [
              101.68167502200004,
              26.32333983700005
            ],
            [
              101.71449836800008,
              26.314287250000064
            ],
            [
              101.79276942400008,
              26.27806983100004
            ],
            [
              101.84074200600008,
              26.221457480000026
            ],
            [
              101.86346585900009,
              26.20107028500007
            ],
            [
              101.96193589700005,
              26.17614775100003
            ],
            [
              102.05535618900007,
              26.17161581000005
            ],
            [
              102.14625160600008,
              26.194273760000044
            ],
            [
              102.26492062600005,
              26.264485382000032
            ],
            [
              102.32551757200008,
              26.316550462000066
            ],
            [
              102.42398760900005,
              26.38442628200005
            ],
            [
              102.46691044500005,
              26.402519769000037
            ],
            [
              102.51235815400008,
              26.427393686000073
            ],
            [
              102.55780586400004,
              26.44548043700007
            ],
            [
              102.60577844600004,
              26.44548043700007
            ],
            [
              102.63607692000005,
              26.431915639000067
            ],
            [
              102.67142513700009,
              26.382164397000054
            ],
            [
              102.71939771900009,
              26.332391717000064
            ],
            [
              102.77242004800007,
              26.332391717000064
            ],
            [
              102.84059161200008,
              26.37311641200006
            ],
            [
              102.92391241100006,
              26.41156545000007
            ],
            [
              103.02490732000007,
              26.483905351000033
            ],
            [
              103.06025554000007,
              26.51779902900006
            ],
            [
              103.06166946800005,
              26.66419493400008
            ],
            [
              103.07136498000006,
              26.76956321600005
            ],
            [
              103.06974906100004,
              26.83158377600006
            ],
            [
              103.01803966800009,
              26.88780563100005
            ],
            [
              102.99541680800007,
              26.93823733800008
            ],
            [
              102.95017108700006,
              26.982886593000046
            ],
            [
              102.95421088500007,
              27.099197417000028
            ],
            [
              102.96178550300004,
              27.17559278600004
            ],
            [
              102.97693473800007,
              27.274379792000047
            ],
            [
              102.99208397500007,
              27.35738278100007
            ],
            [
              103.01480782900006,
              27.42911902000003
            ],
            [
              103.02238244900008,
              27.489610241000037
            ],
            [
              103.05268092200004,
              27.520962988000065
            ],
            [
              103.09307888400008,
              27.534397143000035
            ],
            [
              103.13852659500009,
              27.536636010000052
            ],
            [
              103.19912354100006,
              27.56573712100004
            ],
            [
              103.27991946800006,
              27.65746699400006
            ],
            [
              103.41373772300005,
              27.784866085000033
            ],
            [
              103.57280470600006,
              27.907653710000034
            ],
            [
              103.57106885500008,
              28.00689819400003
            ],
            [
              103.58290419700006,
              28.09742084800007
            ],
            [
              103.55528840000005,
              28.142653575000054
            ],
            [
              103.55528840000005,
              28.236537438000028
            ],
            [
              103.61841022000004,
              28.32339335100005
            ],
            [
              103.66969669800005,
              28.330338762000054
            ],
            [
              103.76043431200009,
              28.347700305000046
            ],
            [
              103.91034863100003,
              28.378943931000038
            ],
            [
              103.93796442500008,
              28.465683483000078
            ],
            [
              103.87484260800005,
              28.55581715200003
            ],
            [
              103.86695237900005,
              28.638949034000063
            ],
            [
              103.91823885700006,
              28.70125475900005
            ],
            [
              103.97741556100004,
              28.711635443000034
            ],
            [
              104.06026294900005,
              28.704715101000033
            ],
            [
              104.19045169900005,
              28.718555327000047
            ],
            [
              104.30091488200009,
              28.749689138000065
            ],
            [
              104.39954272400007,
              28.704715101000033
            ],
            [
              104.40743295100003,
              28.59739131200007
            ],
            [
              104.34431113300008,
              28.500359393000053
            ],
            [
              104.35614647300008,
              28.420587786000056
            ],
            [
              104.42715851900005,
              28.354644129000064
            ],
            [
              104.49028033800005,
              28.316447485000026
            ],
            [
              104.48633522500006,
              28.187867207000068
            ],
            [
              104.45871942800005,
              28.114820309000038
            ],
            [
              104.50606079300007,
              28.031277174000024
            ],
            [
              104.58496306600006,
              27.98948125800007
            ],
            [
              104.82166988500006,
              27.975545684000053
            ],
            [
              105.02681579500006,
              28.052169047000064
            ],
            [
              105.05443159100008,
              28.17047961000003
            ],
            [
              105.12938875000003,
              28.208728595000025
            ],
            [
              105.20829102300007,
              28.194821456000057
            ],
            [
              105.30297375200007,
              28.114820309000038
            ],
            [
              105.34242488800004,
              28.076537770000073
            ],
            [
              105.33453466000009,
              27.992964870000037
            ],
            [
              105.36945876100003,
              27.865629813000055
            ]
          ]
        ]
      }
    },
    {
      "type": "Feature",
      "properties": {
        "shapeName": "Chongqing Municipality",
        "shapeISO": "CHN",
        "shapeID": "43563684B97743196909507",
        "shapeGroup": "CHN",
        "shapeType": "ADM1"
      },
      "geometry": {
        "type": "Polygon",
        "coordinates": [
          [
            [
              109.33744975400003,
              28.612592041000028
            ],
            [
              109.34671525100003,
              29.236236752000025
            ],
            [
              109.32884620600004,
              29.24048923600003
            ],
            [
              109.25992275100003,
              29.25689002000007
            ],
            [
              109.14945956800005,
              29.31882480200005
            ],
            [
              109.00885571600008,
              29.508660946000077
            ],
            [
              108.99875622500008,
              29.550401974000067
            ],
            [
              109.00380597200007,
              29.625053423000054
            ],
            [
              108.99875622500008,
              29.74788822900007
            ],
            [
              108.90028619000009,
              29.750080342000047
            ],
            [
              108.82958975300005,
              29.800485724000055
            ],
            [
              108.70020975000006,
              29.95874458800006
            ],
            [
              108.56459646700006,
              29.90532418400005
            ],
            [
              108.60487607800007,
              30.167892650000056
            ],
            [
              108.62759993400005,
              30.287878714000044
            ],
            [
              108.64274917000006,
              30.38158392300005
            ],
            [
              108.53165476900006,
              30.540459231000057
            ],
            [
              108.56447811400005,
              30.55350594500004
            ],
            [
              108.62002531600007,
              30.586115060000054
            ],
            [
              108.65537353300004,
              30.61871320800003
            ],
            [
              108.69829637100008,
              30.67084741800005
            ],
            [
              108.80434102400005,
              30.638266830000077
            ],
            [
              108.89018669900008,
              30.644783827000026
            ],
            [
              108.98108211700008,
              30.668675720000067
            ],
            [
              109.05430342700004,
              30.707758806000072
            ],
            [
              109.10227600900004,
              30.72078298400004
            ],
            [
              109.18054706400005,
              30.72078298400004
            ],
            [
              109.27144248200005,
              30.694732870000053
            ],
            [
              109.42798459200009,
              30.707758806000072
            ],
            [
              109.54917848400004,
              30.72078298400004
            ],
            [
              109.62239979300006,
              30.76635375400008
            ],
            [
              109.69562110200008,
              30.818408223000063
            ],
            [
              109.78399164800004,
              30.90077012000006
            ],
            [
              109.90771041300007,
              30.987390365000067
            ],
            [
              109.98345659600005,
              30.987390365000067
            ],
            [
              110.13494895900004,
              30.95924739900005
            ],
            [
              110.15009819500006,
              30.96790765700007
            ],
            [
              110.20564539700007,
              31.030671031000054
            ],
            [
              110.21322001400006,
              31.164716089000024
            ],
            [
              110.20059565000008,
              31.24677915500007
            ],
            [
              110.22331950600005,
              31.30072916200004
            ],
            [
              110.25614285200004,
              31.350335905000065
            ],
            [
              110.25866772300009,
              31.41931047500003
            ],
            [
              110.24099361400005,
              31.51406773700006
            ],
            [
              110.19049615900008,
              31.597976884000047
            ],
            [
              110.02637943100007,
              31.711886186000072
            ],
            [
              110.02132968600006,
              31.91999954000005
            ],
            [
              109.73082396200004,
              31.972288990000038
            ],
            [
              109.72939127600006,
              31.94919436500004
            ],
            [
              109.28359343200009,
              31.90566657900007
            ],
            [
              109.23230695400008,
              32.07296826600003
            ],
            [
              108.95614899900005,
              32.11975801800003
            ],
            [
              108.69871478700009,
              32.29969266300003
            ],
            [
              108.69577149800006,
              32.23996438800003
            ],
            [
              108.68393615600007,
              32.139803431000075
            ],
            [
              108.60897899700007,
              32.04956440600006
            ],
            [
              108.57741808700007,
              31.999393118000057
            ],
            [
              108.58925342800006,
              31.94919436500004
            ],
            [
              108.65632036100004,
              31.895618781000053
            ],
            [
              108.74311286100004,
              31.831957259000035
            ],
            [
              108.75889331500008,
              31.791727337000054
            ],
            [
              108.73522263400008,
              31.70450243500005
            ],
            [
              108.61292411000005,
              31.633991609000077
            ],
            [
              108.48273536000005,
              31.526443700000073
            ],
            [
              108.33676615500008,
              31.358151976000045
            ],
            [
              108.24997365400009,
              31.176057988000025
            ],
            [
              108.19868717600008,
              31.04432741000005
            ],
            [
              108.14740069900006,
              30.96655454300003
            ],
            [
              108.06455331200004,
              30.922567916000048
            ],
            [
              107.97776081100005,
              30.905644593000034
            ],
            [
              107.75683444700007,
              30.92933640600006
            ],
            [
              107.68976751400004,
              30.89887442500003
            ],
            [
              107.63453592300004,
              30.831146428000068
            ],
            [
              107.62664569600008,
              30.71929072100005
            ],
            [
              107.60297501500008,
              30.61070051400003
            ],
            [
              107.51160618200004,
              30.499133071000074
            ],
            [
              107.37273818000006,
              30.38158392300005
            ],
            [
              107.25911890700007,
              30.24208313300005
            ],
            [
              107.15559912500004,
              30.17007551900008
            ],
            [
              106.96118392400007,
              30.18535426300008
            ],
            [
              106.87028850500008,
              30.24208313300005
            ],
            [
              106.77686821400005,
              30.32929439800006
            ],
            [
              106.73899512300005,
              30.38376204700006
            ],
            [
              106.66829868600007,
              30.46431847100007
            ],
            [
              106.60517686800006,
              30.41425067700004
            ],
            [
              106.53700530400005,
              30.388118147000057
            ],
            [
              106.49155759300004,
              30.364157187000046
            ],
            [
              106.33754035700008,
              30.401185287000033
            ],
            [
              106.28199315700004,
              30.42731431800007
            ],
            [
              106.16079926400005,
              30.47955139000004
            ],
            [
              106.05727948300006,
              30.527410764000024
            ],
            [
              105.95880944500004,
              30.523060884000074
            ],
            [
              105.81994144600009,
              30.46431847100007
            ],
            [
              105.76439424600005,
              30.38594012200008
            ],
            [
              105.75429475300007,
              30.33583211800004
            ],
            [
              105.76691911700004,
              30.27261589400007
            ],
            [
              105.83761555400008,
              30.176623842000026
            ],
            [
              105.86033940800007,
              30.113305166000032
            ],
            [
              105.84266529900003,
              30.052131357000064
            ],
            [
              105.59775264400008,
              29.90997503400007
            ],
            [
              105.46898413400004,
              29.824583675000042
            ],
            [
              105.37303897000004,
              29.72815704900006
            ],
            [
              105.38566333300008,
              29.679908940000075
            ],
            [
              105.44626027900006,
              29.609688523000045
            ],
            [
              105.50938209800006,
              29.480091376000075
            ],
            [
              105.60785213500009,
              29.414130857000032
            ],
            [
              105.70127242600006,
              29.400933611000028
            ],
            [
              105.76439424600005,
              29.39873390400004
            ],
            [
              105.83256580800008,
              29.28868790000007
            ],
            [
              105.85276479000004,
              29.18513643500006
            ],
            [
              105.87296377200005,
              29.09913130600006
            ],
            [
              106.13050079300007,
              29.061619376000067
            ],
            [
              106.20372210200009,
              29.03954715800006
            ],
            [
              106.27189366600004,
              29.010846213000036
            ],
            [
              106.35521446500007,
              28.90259409400005
            ],
            [
              106.38046319400007,
              28.774312869000028
            ],
            [
              106.38803781200005,
              28.707898516000057
            ],
            [
              106.37215745100008,
              28.674813466000046
            ],
            [
              106.39369352800009,
              28.63364164400008
            ],
            [
              106.51327150000009,
              28.67192860800003
            ],
            [
              106.55366946400005,
              28.73854291600003
            ],
            [
              106.56174905500006,
              28.822105045000058
            ],
            [
              106.54720578900009,
              28.897112203000063
            ],
            [
              106.60214702000007,
              28.861738211000045
            ],
            [
              106.64254498400004,
              28.823520775000077
            ],
            [
              106.65385641400007,
              28.806530743000053
            ],
            [
              106.65385641400007,
              28.73995978000005
            ],
            [
              106.65062457700009,
              28.69035808500007
            ],
            [
              106.68132703000003,
              28.654913905000058
            ],
            [
              106.71041356200004,
              28.632223340000053
            ],
            [
              106.77181846900004,
              28.61520219500005
            ],
            [
              106.81383235000004,
              28.632223340000053
            ],
            [
              106.84938255900005,
              28.676181851000024
            ],
            [
              106.88008501200005,
              28.71870479100005
            ],
            [
              106.90593970800006,
              28.77820786500007
            ],
            [
              106.92694665000005,
              28.815026105000072
            ],
            [
              106.98511971800008,
              28.93813093700004
            ],
            [
              107.09015442400005,
              28.99750859900007
            ],
            [
              107.16287075800005,
              29.024358729000028
            ],
            [
              107.24043485000004,
              29.017293581000047
            ],
            [
              107.28729648700005,
              28.983374152000067
            ],
            [
              107.34546955600007,
              28.95934115500006
            ],
            [
              107.40687446100009,
              28.94944359300007
            ],
            [
              107.49251814400009,
              28.979133439000066
            ],
            [
              107.54422753800009,
              29.04413856700006
            ],
            [
              107.55715488600003,
              29.07521351300005
            ],
            [
              107.56200264100005,
              29.113338139000064
            ],
            [
              107.55392304800006,
              29.16556005800004
            ],
            [
              107.51352508500008,
              29.24595807600008
            ],
            [
              107.52483651500006,
              29.30515833800007
            ],
            [
              107.54261161800008,
              29.334745605000023
            ],
            [
              107.57816182800008,
              29.347423234000075
            ],
            [
              107.62017571000007,
              29.34883176200003
            ],
            [
              107.64926224300007,
              29.34178892700004
            ],
            [
              107.69450796300004,
              29.32065750000004
            ],
            [
              107.78984715800004,
              29.28401932400004
            ],
            [
              107.84963614500003,
              29.255827168000053
            ],
            [
              107.87872267800009,
              29.221986320000042
            ],
            [
              107.88518635300005,
              29.20647219400007
            ],
            [
              107.92396839800006,
              29.13451238500005
            ],
            [
              107.98052554700007,
              29.12039670400003
            ],
            [
              108.09525576500005,
              29.19659834600003
            ],
            [
              108.36349824400008,
              29.18813428900006
            ],
            [
              108.42328723100007,
              29.08651116900006
            ],
            [
              108.43944641600007,
              29.03142339200008
            ],
            [
              108.44429417200007,
              28.94237332700004
            ],
            [
              108.43621457900008,
              28.871644143000026
            ],
            [
              108.44106233400004,
              28.836261481000065
            ],
            [
              108.49923540300006,
              28.775375155000063
            ],
            [
              108.54286520400007,
              28.758377274000054
            ],
            [
              108.63820439800008,
              28.741376626000033
            ],
            [
              108.67537052600005,
              28.73995978000005
            ],
            [
              108.64951582800006,
              28.591084183000078
            ],
            [
              108.66108580500008,
              28.558104490000062
            ],
            [
              108.66418836900004,
              28.539935701000047
            ],
            [
              108.70245332000007,
              28.46541091200004
            ],
            [
              108.70969263600006,
              28.457228158000078
            ],
            [
              108.71796613900005,
              28.459046603000047
            ],
            [
              108.75312852600007,
              28.477229329000068
            ],
            [
              108.76347040400009,
              28.488137462000054
            ],
            [
              108.76760715700004,
              28.503588722000075
            ],
            [
              108.76760715700004,
              28.543569709000053
            ],
            [
              108.76967553200006,
              28.572637264000036
            ],
            [
              108.76864134400006,
              28.584443666000027
            ],
            [
              108.77070972000007,
              28.598064790000024
            ],
            [
              108.77794903500006,
              28.604420709000067
            ],
            [
              108.80690629600008,
              28.613499928000067
            ],
            [
              108.82345330200008,
              28.602604771000074
            ],
            [
              108.85034218700008,
              28.57899472300005
            ],
            [
              108.86482081600008,
              28.51994641400006
            ],
            [
              108.86792338100008,
              28.468138356000054
            ],
            [
              108.86688919200009,
              28.431766651000032
            ],
            [
              108.87412850800007,
              28.380825254000058
            ],
            [
              108.90411995500006,
              28.357165568000028
            ],
            [
              108.94962422200007,
              28.34533374800003
            ],
            [
              109.07372676800009,
              28.344423552000023
            ],
            [
              109.13164128900007,
              28.35625547500007
            ],
            [
              109.18541905700005,
              28.397201946000052
            ],
            [
              109.20713700200008,
              28.435404383000048
            ],
            [
              109.22575238600007,
              28.474502120000068
            ],
            [
              109.23609426400009,
              28.549020486000074
            ],
            [
              109.25057289500006,
              28.576270144000034
            ],
            [
              109.29607716100008,
              28.598064790000024
            ],
            [
              109.31676091800006,
              28.612592041000028
            ],
            [
              109.33744975400003,
              28.612592041000028
            ]
          ]
        ]
      }
    }
  ]
}